{
"meta":{"test_sets":[],"test_metrics":[],"learn_metrics":[{"best_value":"Min","name":"RMSE"}],"launch_mode":"Train","parameters":"","iteration_count":1000,"learn_sets":["learn"],"name":"experiment"},
"iterations":[
{"learn":[5111.163873],"iteration":0,"passed_time":0.05399802074,"remaining_time":53.94402272},
{"learn":[5002.15642],"iteration":1,"passed_time":0.09031147099,"remaining_time":45.06542402},
{"learn":[4924.355497],"iteration":2,"passed_time":0.1362561147,"remaining_time":45.2824488},
{"learn":[4857.493449],"iteration":3,"passed_time":0.1744696136,"remaining_time":43.44293378},
{"learn":[4767.923915],"iteration":4,"passed_time":0.2541797021,"remaining_time":50.58176072},
{"learn":[4700.24304],"iteration":5,"passed_time":0.300013291,"remaining_time":49.70220187},
{"learn":[4639.21958],"iteration":6,"passed_time":0.3399855211,"remaining_time":48.22937464},
{"learn":[4567.848465],"iteration":7,"passed_time":0.3776709444,"remaining_time":46.83119711},
{"learn":[4501.053944],"iteration":8,"passed_time":0.4606267834,"remaining_time":50.72012693},
{"learn":[4454.538181],"iteration":9,"passed_time":0.5129389979,"remaining_time":50.7809608},
{"learn":[4406.606142],"iteration":10,"passed_time":0.5543752409,"remaining_time":49.84337394},
{"learn":[4368.201633],"iteration":11,"passed_time":0.6197660714,"remaining_time":51.02740655},
{"learn":[4327.202953],"iteration":12,"passed_time":0.671070212,"remaining_time":50.94971532},
{"learn":[4294.971943],"iteration":13,"passed_time":0.71748171,"remaining_time":50.53121186},
{"learn":[4258.538085],"iteration":14,"passed_time":0.763403359,"remaining_time":50.13015391},
{"learn":[4218.03781],"iteration":15,"passed_time":0.8027573716,"remaining_time":49.36957835},
{"learn":[4183.939488],"iteration":16,"passed_time":0.8748120246,"remaining_time":50.58471883},
{"learn":[4146.986017],"iteration":17,"passed_time":0.9191739961,"remaining_time":50.14604801},
{"learn":[4116.723749],"iteration":18,"passed_time":0.952931607,"remaining_time":49.2013635},
{"learn":[4087.427503],"iteration":19,"passed_time":0.9994772844,"remaining_time":48.97438694},
{"learn":[4052.557157],"iteration":20,"passed_time":1.078899862,"remaining_time":50.29728405},
{"learn":[4027.346847],"iteration":21,"passed_time":1.123004313,"remaining_time":49.92264629},
{"learn":[4005.350716],"iteration":22,"passed_time":1.159332276,"remaining_time":49.24641886},
{"learn":[3978.006909],"iteration":23,"passed_time":1.201789936,"remaining_time":48.87279071},
{"learn":[3953.489651],"iteration":24,"passed_time":1.275181047,"remaining_time":49.73206085},
{"learn":[3931.604253],"iteration":25,"passed_time":1.347806278,"remaining_time":50.49089672},
{"learn":[3908.721261],"iteration":26,"passed_time":1.384640793,"remaining_time":49.89835156},
{"learn":[3886.904276],"iteration":27,"passed_time":1.422852015,"remaining_time":49.39329136},
{"learn":[3861.23459],"iteration":28,"passed_time":1.479986999,"remaining_time":49.55404744},
{"learn":[3838.694258],"iteration":29,"passed_time":1.549367292,"remaining_time":50.0962091},
{"learn":[3818.522489],"iteration":30,"passed_time":1.587044598,"remaining_time":49.60794243},
{"learn":[3803.815897],"iteration":31,"passed_time":1.625490383,"remaining_time":49.1710841},
{"learn":[3786.468362],"iteration":32,"passed_time":1.684762926,"remaining_time":49.36865906},
{"learn":[3772.460592],"iteration":33,"passed_time":1.748670513,"remaining_time":49.68281516},
{"learn":[3762.255],"iteration":34,"passed_time":1.785166702,"remaining_time":49.2195962},
{"learn":[3740.717124],"iteration":35,"passed_time":1.829373388,"remaining_time":48.98655405},
{"learn":[3722.676806],"iteration":36,"passed_time":1.877832002,"remaining_time":48.87438426},
{"learn":[3704.254976],"iteration":37,"passed_time":1.959160436,"remaining_time":49.59769315},
{"learn":[3690.395606],"iteration":38,"passed_time":1.994540175,"remaining_time":49.1475156},
{"learn":[3676.07117],"iteration":39,"passed_time":2.047114063,"remaining_time":49.13073751},
{"learn":[3660.489505],"iteration":40,"passed_time":2.200020391,"remaining_time":51.45901354},
{"learn":[3645.571475],"iteration":41,"passed_time":2.287736925,"remaining_time":52.18218986},
{"learn":[3635.363401],"iteration":42,"passed_time":2.324127687,"remaining_time":51.7253534},
{"learn":[3623.38022],"iteration":43,"passed_time":2.362185665,"remaining_time":51.32385217},
{"learn":[3611.523661],"iteration":44,"passed_time":2.399193124,"remaining_time":50.91620964},
{"learn":[3599.750642],"iteration":45,"passed_time":2.498925932,"remaining_time":51.82555085},
{"learn":[3584.180529],"iteration":46,"passed_time":2.535968436,"remaining_time":51.42080679},
{"learn":[3572.452259],"iteration":47,"passed_time":2.576394267,"remaining_time":51.0984863},
{"learn":[3555.542835],"iteration":48,"passed_time":2.612050221,"remaining_time":50.69509714},
{"learn":[3541.231472],"iteration":49,"passed_time":2.688973188,"remaining_time":51.09049058},
{"learn":[3529.819445],"iteration":50,"passed_time":2.753105803,"remaining_time":51.22936092},
{"learn":[3520.830267],"iteration":51,"passed_time":2.795170813,"remaining_time":50.95811405},
{"learn":[3501.263921],"iteration":52,"passed_time":2.83235366,"remaining_time":50.60828144},
{"learn":[3488.210211],"iteration":53,"passed_time":2.893780576,"remaining_time":50.69474861},
{"learn":[3478.062329],"iteration":54,"passed_time":2.933855106,"remaining_time":50.408965},
{"learn":[3471.239717],"iteration":55,"passed_time":2.979954374,"remaining_time":50.23351659},
{"learn":[3459.674297],"iteration":56,"passed_time":3.037357964,"remaining_time":50.24962387},
{"learn":[3450.326871],"iteration":57,"passed_time":3.078213406,"remaining_time":49.99443153},
{"learn":[3439.462014],"iteration":58,"passed_time":3.115937916,"remaining_time":49.69656914},
{"learn":[3429.31091],"iteration":59,"passed_time":3.237443379,"remaining_time":50.71994628},
{"learn":[3421.822374],"iteration":60,"passed_time":3.275656806,"remaining_time":50.42363509},
{"learn":[3415.234269],"iteration":61,"passed_time":3.315546802,"remaining_time":50.16101452},
{"learn":[3406.822919],"iteration":62,"passed_time":3.39525789,"remaining_time":50.4977245},
{"learn":[3397.017262],"iteration":63,"passed_time":3.455674048,"remaining_time":50.53923295},
{"learn":[3385.891329],"iteration":64,"passed_time":3.495619885,"remaining_time":50.28314758},
{"learn":[3376.534027],"iteration":65,"passed_time":3.537458647,"remaining_time":50.06039964},
{"learn":[3369.149968],"iteration":66,"passed_time":3.595770665,"remaining_time":50.07244822},
{"learn":[3360.342473],"iteration":67,"passed_time":3.671130553,"remaining_time":50.31608346},
{"learn":[3356.273814],"iteration":68,"passed_time":3.711630891,"remaining_time":50.08012115},
{"learn":[3343.382627],"iteration":69,"passed_time":3.748863407,"remaining_time":49.80632812},
{"learn":[3331.880674],"iteration":70,"passed_time":3.814185429,"remaining_time":49.90673611},
{"learn":[3321.34508],"iteration":71,"passed_time":3.882703568,"remaining_time":50.04373487},
{"learn":[3316.852083],"iteration":72,"passed_time":3.918873049,"remaining_time":49.7643194},
{"learn":[3311.04414],"iteration":73,"passed_time":3.960356752,"remaining_time":49.55797773},
{"learn":[3301.10167],"iteration":74,"passed_time":4.018497369,"remaining_time":49.56146755},
{"learn":[3292.515843],"iteration":75,"passed_time":4.087140522,"remaining_time":49.69102424},
{"learn":[3285.259437],"iteration":76,"passed_time":4.139357185,"remaining_time":49.61852834},
{"learn":[3277.605306],"iteration":77,"passed_time":4.196221038,"remaining_time":49.60148458},
{"learn":[3272.519185],"iteration":78,"passed_time":4.231134582,"remaining_time":49.32753102},
{"learn":[3266.996208],"iteration":79,"passed_time":4.265695972,"remaining_time":49.05550368},
{"learn":[3258.768735],"iteration":80,"passed_time":4.325932885,"remaining_time":49.08064594},
{"learn":[3254.044229],"iteration":81,"passed_time":4.391018918,"remaining_time":49.15799228},
{"learn":[3248.079557],"iteration":82,"passed_time":4.437199921,"remaining_time":49.02304009},
{"learn":[3240.876353],"iteration":83,"passed_time":4.475991622,"remaining_time":48.80962292},
{"learn":[3237.421062],"iteration":84,"passed_time":4.542269441,"remaining_time":48.89619457},
{"learn":[3228.233363],"iteration":85,"passed_time":4.605877773,"remaining_time":48.95084052},
{"learn":[3222.004719],"iteration":86,"passed_time":4.641999085,"remaining_time":48.71431223},
{"learn":[3217.583205],"iteration":87,"passed_time":4.678518648,"remaining_time":48.48646598},
{"learn":[3211.355572],"iteration":88,"passed_time":4.714019616,"remaining_time":48.25249292},
{"learn":[3202.109922],"iteration":89,"passed_time":4.752987814,"remaining_time":48.0579879},
{"learn":[3199.378172],"iteration":90,"passed_time":4.829144063,"remaining_time":48.23837312},
{"learn":[3192.940203],"iteration":91,"passed_time":4.871169083,"remaining_time":48.07632095},
{"learn":[3181.464824],"iteration":92,"passed_time":4.90746048,"remaining_time":47.86093178},
{"learn":[3173.487558],"iteration":93,"passed_time":4.944313889,"remaining_time":47.65477004},
{"learn":[3170.017611],"iteration":94,"passed_time":5.020915838,"remaining_time":47.83082982},
{"learn":[3163.410849],"iteration":95,"passed_time":5.063183835,"remaining_time":47.67831445},
{"learn":[3156.087646],"iteration":96,"passed_time":5.100846697,"remaining_time":47.48520173},
{"learn":[3151.120754],"iteration":97,"passed_time":5.136752457,"remaining_time":47.27908894},
{"learn":[3145.660797],"iteration":98,"passed_time":5.222010918,"remaining_time":47.52557411},
{"learn":[3136.054582],"iteration":99,"passed_time":5.261059957,"remaining_time":47.34953961},
{"learn":[3130.582505],"iteration":100,"passed_time":5.296647395,"remaining_time":47.14540602},
{"learn":[3126.080368],"iteration":101,"passed_time":5.335531364,"remaining_time":46.97359965},
{"learn":[3123.836305],"iteration":102,"passed_time":5.432590267,"remaining_time":47.31100455},
{"learn":[3120.12713],"iteration":103,"passed_time":5.469540961,"remaining_time":47.12219905},
{"learn":[3116.303328],"iteration":104,"passed_time":5.510867534,"remaining_time":46.97358517},
{"learn":[3108.701734],"iteration":105,"passed_time":5.56500603,"remaining_time":46.93505086},
{"learn":[3103.928138],"iteration":106,"passed_time":5.645634934,"remaining_time":47.11730837},
{"learn":[3100.584568],"iteration":107,"passed_time":5.678565067,"remaining_time":46.90074111},
{"learn":[3094.949051],"iteration":108,"passed_time":5.720199673,"remaining_time":46.75869641},
{"learn":[3090.101204],"iteration":109,"passed_time":5.762895624,"remaining_time":46.62706459},
{"learn":[3082.58692],"iteration":110,"passed_time":5.847647633,"remaining_time":46.83386258},
{"learn":[3074.438051],"iteration":111,"passed_time":5.884997641,"remaining_time":46.65962415},
{"learn":[3071.070116],"iteration":112,"passed_time":5.921654024,"remaining_time":46.48236389},
{"learn":[3065.307308],"iteration":113,"passed_time":5.962389573,"remaining_time":46.33927335},
{"learn":[3062.766601],"iteration":114,"passed_time":6.018043692,"remaining_time":46.31277102},
{"learn":[3059.733124],"iteration":115,"passed_time":6.077376221,"remaining_time":46.3137981},
{"learn":[3054.608847],"iteration":116,"passed_time":6.146511564,"remaining_time":46.3877753},
{"learn":[3048.676909],"iteration":117,"passed_time":6.182159964,"remaining_time":46.20902617},
{"learn":[3043.137618],"iteration":118,"passed_time":6.233892051,"remaining_time":46.15175543},
{"learn":[3035.883842],"iteration":119,"passed_time":6.270031609,"remaining_time":45.9802318},
{"learn":[3031.768502],"iteration":120,"passed_time":6.363279981,"remaining_time":46.22581077},
{"learn":[3026.950343],"iteration":121,"passed_time":6.421857678,"remaining_time":46.21632001},
{"learn":[3023.215257],"iteration":122,"passed_time":6.466669902,"remaining_time":46.10788215},
{"learn":[3019.498216],"iteration":123,"passed_time":6.506586789,"remaining_time":45.96588732},
{"learn":[3011.903242],"iteration":124,"passed_time":6.560369494,"remaining_time":45.92258646},
{"learn":[3006.733993],"iteration":125,"passed_time":6.650051267,"remaining_time":46.12813339},
{"learn":[3003.994903],"iteration":126,"passed_time":6.68465963,"remaining_time":45.95045557},
{"learn":[2998.570166],"iteration":127,"passed_time":6.729833455,"remaining_time":45.84699042},
{"learn":[2991.462922],"iteration":128,"passed_time":6.767149664,"remaining_time":45.69137487},
{"learn":[2988.411217],"iteration":129,"passed_time":6.824930052,"remaining_time":45.67453189},
{"learn":[2983.339109],"iteration":130,"passed_time":6.874774904,"remaining_time":45.60442283},
{"learn":[2979.933587],"iteration":131,"passed_time":6.934197377,"remaining_time":45.59760094},
{"learn":[2975.611914],"iteration":132,"passed_time":6.970790638,"remaining_time":45.44116904},
{"learn":[2971.374388],"iteration":133,"passed_time":7.038344295,"remaining_time":45.48661313},
{"learn":[2967.592101],"iteration":134,"passed_time":7.084863602,"remaining_time":45.39560752},
{"learn":[2963.828409],"iteration":135,"passed_time":7.152268814,"remaining_time":45.43794305},
{"learn":[2956.277558],"iteration":136,"passed_time":7.193771291,"remaining_time":45.31550821},
{"learn":[2950.893983],"iteration":137,"passed_time":7.246762407,"remaining_time":45.26600866},
{"learn":[2947.202309],"iteration":138,"passed_time":7.284387533,"remaining_time":45.12127817},
{"learn":[2943.250789],"iteration":139,"passed_time":7.36789424,"remaining_time":45.25992176},
{"learn":[2938.889588],"iteration":140,"passed_time":7.424950265,"remaining_time":45.23427147},
{"learn":[2935.019125],"iteration":141,"passed_time":7.465180591,"remaining_time":45.10651371},
{"learn":[2928.35608],"iteration":142,"passed_time":7.508652484,"remaining_time":44.99940684},
{"learn":[2925.736782],"iteration":143,"passed_time":7.561965278,"remaining_time":44.95168249},
{"learn":[2921.060319],"iteration":144,"passed_time":7.631227244,"remaining_time":44.99792616},
{"learn":[2917.090161],"iteration":145,"passed_time":7.684341836,"remaining_time":44.94813649},
{"learn":[2914.085517],"iteration":146,"passed_time":7.729195798,"remaining_time":44.85036746},
{"learn":[2906.675862],"iteration":147,"passed_time":7.774546121,"remaining_time":44.75617091},
{"learn":[2902.307551],"iteration":148,"passed_time":7.860164483,"remaining_time":44.89261728},
{"learn":[2899.338455],"iteration":149,"passed_time":7.898638637,"remaining_time":44.75895228},
{"learn":[2895.567139],"iteration":150,"passed_time":7.938744102,"remaining_time":44.63572015},
{"learn":[2889.892859],"iteration":151,"passed_time":8.025770526,"remaining_time":44.77535136},
{"learn":[2886.37282],"iteration":152,"passed_time":8.067228056,"remaining_time":44.6597527},
{"learn":[2882.107424],"iteration":153,"passed_time":8.106983676,"remaining_time":44.53576747},
{"learn":[2877.682412],"iteration":154,"passed_time":8.14366927,"remaining_time":44.39613247},
{"learn":[2873.405891],"iteration":155,"passed_time":8.223273299,"remaining_time":44.49001708},
{"learn":[2868.428214],"iteration":156,"passed_time":8.273790607,"remaining_time":44.42551262},
{"learn":[2864.02222],"iteration":157,"passed_time":8.309196637,"remaining_time":44.2806555},
{"learn":[2860.991863],"iteration":158,"passed_time":8.349262644,"remaining_time":44.16182317},
{"learn":[2857.639553],"iteration":159,"passed_time":8.451417935,"remaining_time":44.36994416},
{"learn":[2854.724637],"iteration":160,"passed_time":8.497192235,"remaining_time":44.28039929},
{"learn":[2852.567121],"iteration":161,"passed_time":8.537187135,"remaining_time":44.16149888},
{"learn":[2849.204145],"iteration":162,"passed_time":8.586522159,"remaining_time":44.09152789},
{"learn":[2841.940442],"iteration":163,"passed_time":8.634162442,"remaining_time":44.01316952},
{"learn":[2838.722532],"iteration":164,"passed_time":8.675387083,"remaining_time":43.90271645},
{"learn":[2832.986103],"iteration":165,"passed_time":8.747916655,"remaining_time":43.95037645},
{"learn":[2827.620661],"iteration":166,"passed_time":8.798417567,"remaining_time":43.88671757},
{"learn":[2824.397405],"iteration":167,"passed_time":8.845248512,"remaining_time":43.80504025},
{"learn":[2819.479009],"iteration":168,"passed_time":8.88840552,"remaining_time":43.70570998},
{"learn":[2816.606853],"iteration":169,"passed_time":8.963356814,"remaining_time":43.7622715},
{"learn":[2813.24951],"iteration":170,"passed_time":9.016337428,"remaining_time":43.71078204},
{"learn":[2808.895721],"iteration":171,"passed_time":9.052118983,"remaining_time":43.57647976},
{"learn":[2805.84291],"iteration":172,"passed_time":9.090475679,"remaining_time":43.45562651},
{"learn":[2803.896168],"iteration":173,"passed_time":9.175117424,"remaining_time":43.55544248},
{"learn":[2799.855114],"iteration":174,"passed_time":9.244564941,"remaining_time":43.58152044},
{"learn":[2795.375851],"iteration":175,"passed_time":9.285650865,"remaining_time":43.47372905},
{"learn":[2791.153117],"iteration":176,"passed_time":9.377626082,"remaining_time":43.60331223},
{"learn":[2786.961904],"iteration":177,"passed_time":9.44097715,"remaining_time":43.59822032},
{"learn":[2782.092372],"iteration":178,"passed_time":9.476083984,"remaining_time":43.46293268},
{"learn":[2777.550659],"iteration":179,"passed_time":9.533860048,"remaining_time":43.43202911},
{"learn":[2774.491541],"iteration":180,"passed_time":9.596175587,"remaining_time":43.42136909},
{"learn":[2771.120909],"iteration":181,"passed_time":9.640231967,"remaining_time":43.32807554},
{"learn":[2767.374337],"iteration":182,"passed_time":9.684848024,"remaining_time":43.23781877},
{"learn":[2764.183616],"iteration":183,"passed_time":9.748963773,"remaining_time":43.23453499},
{"learn":[2759.573498],"iteration":184,"passed_time":9.823997837,"remaining_time":43.27869317},
{"learn":[2757.622527],"iteration":185,"passed_time":9.859635889,"remaining_time":43.14915922},
{"learn":[2752.966686],"iteration":186,"passed_time":9.914969919,"remaining_time":43.10625959},
{"learn":[2750.234251],"iteration":187,"passed_time":9.966304673,"remaining_time":43.04595423},
{"learn":[2747.64837],"iteration":188,"passed_time":10.01892203,"remaining_time":42.99124745},
{"learn":[2743.666962],"iteration":189,"passed_time":10.05192938,"remaining_time":42.85296209},
{"learn":[2738.598388],"iteration":190,"passed_time":10.08676993,"remaining_time":42.72354383},
{"learn":[2735.977433],"iteration":191,"passed_time":10.12875919,"remaining_time":42.62519493},
{"learn":[2730.832694],"iteration":192,"passed_time":10.20849815,"remaining_time":42.68527466},
{"learn":[2727.796696],"iteration":193,"passed_time":10.25721313,"remaining_time":42.6150195},
{"learn":[2725.114367],"iteration":194,"passed_time":10.29761349,"remaining_time":42.51066082},
{"learn":[2722.19701],"iteration":195,"passed_time":10.33036034,"remaining_time":42.37555977},
{"learn":[2717.409709],"iteration":196,"passed_time":10.39967644,"remaining_time":42.39055929},
{"learn":[2714.550573],"iteration":197,"passed_time":10.46520387,"remaining_time":42.38936112},
{"learn":[2712.273831],"iteration":198,"passed_time":10.50361155,"remaining_time":42.27835604},
{"learn":[2709.652256],"iteration":199,"passed_time":10.5432506,"remaining_time":42.17300242},
{"learn":[2708.370804],"iteration":200,"passed_time":10.58094454,"remaining_time":42.06057057},
{"learn":[2703.622122],"iteration":201,"passed_time":10.64113627,"remaining_time":42.03775617},
{"learn":[2701.161592],"iteration":202,"passed_time":10.70032864,"remaining_time":42.01064987},
{"learn":[2696.967503],"iteration":203,"passed_time":10.7356706,"remaining_time":41.89016569},
{"learn":[2693.427569],"iteration":204,"passed_time":10.77088228,"remaining_time":41.77000689},
{"learn":[2690.498503],"iteration":205,"passed_time":10.85170289,"remaining_time":41.82646647},
{"learn":[2688.801817],"iteration":206,"passed_time":10.90271062,"remaining_time":41.76738897},
{"learn":[2686.560957],"iteration":207,"passed_time":10.96196198,"remaining_time":41.73977829},
{"learn":[2684.180101],"iteration":208,"passed_time":11.02033886,"remaining_time":41.7085552},
{"learn":[2681.594728],"iteration":209,"passed_time":11.05940016,"remaining_time":41.60441014},
{"learn":[2679.353164],"iteration":210,"passed_time":11.1236415,"remaining_time":41.5950386},
{"learn":[2676.960779],"iteration":211,"passed_time":11.16732177,"remaining_time":41.50872432},
{"learn":[2675.15296],"iteration":212,"passed_time":11.23043928,"remaining_time":41.49462777},
{"learn":[2672.54493],"iteration":213,"passed_time":11.27143793,"remaining_time":41.39883278},
{"learn":[2669.343152],"iteration":214,"passed_time":11.34138225,"remaining_time":41.40923288},
{"learn":[2667.45975],"iteration":215,"passed_time":11.3917686,"remaining_time":41.34790085},
{"learn":[2664.915809],"iteration":216,"passed_time":11.44116989,"remaining_time":41.28311532},
{"learn":[2663.04821],"iteration":217,"passed_time":11.48882049,"remaining_time":41.21219092},
{"learn":[2661.280503],"iteration":218,"passed_time":11.53564638,"remaining_time":41.13853802},
{"learn":[2658.287033],"iteration":219,"passed_time":11.59523886,"remaining_time":41.1103923},
{"learn":[2656.498925],"iteration":220,"passed_time":11.63991286,"remaining_time":41.02937609},
{"learn":[2652.306457],"iteration":221,"passed_time":11.6844789,"remaining_time":40.94830893},
{"learn":[2648.500903],"iteration":222,"passed_time":11.76299893,"remaining_time":40.9858752},
{"learn":[2646.238655],"iteration":223,"passed_time":11.79912713,"remaining_time":40.87554755},
{"learn":[2642.137281],"iteration":224,"passed_time":11.85102497,"remaining_time":40.82019713},
{"learn":[2639.742938],"iteration":225,"passed_time":11.89325875,"remaining_time":40.73177996},
{"learn":[2637.537416],"iteration":226,"passed_time":11.92902634,"remaining_time":40.62175049},
{"learn":[2634.909931],"iteration":227,"passed_time":11.98217738,"remaining_time":40.57123219},
{"learn":[2632.611933],"iteration":228,"passed_time":12.04583795,"remaining_time":40.55607449},
{"learn":[2628.766925],"iteration":229,"passed_time":12.09663178,"remaining_time":40.49741943},
{"learn":[2626.495615],"iteration":230,"passed_time":12.13466023,"remaining_time":40.39633644},
{"learn":[2623.79179],"iteration":231,"passed_time":12.18858054,"remaining_time":40.34840455},
{"learn":[2619.690857],"iteration":232,"passed_time":12.2411632,"remaining_time":40.2960179},
{"learn":[2618.363869],"iteration":233,"passed_time":12.30083279,"remaining_time":40.26682869},
{"learn":[2615.801805],"iteration":234,"passed_time":12.34542528,"remaining_time":40.18829931},
{"learn":[2613.528709],"iteration":235,"passed_time":12.3916717,"remaining_time":40.11541179},
{"learn":[2611.718849],"iteration":236,"passed_time":12.4798555,"remaining_time":40.17776266},
{"learn":[2608.960098],"iteration":237,"passed_time":12.51865212,"remaining_time":40.08072653},
{"learn":[2605.394498],"iteration":238,"passed_time":12.56267699,"remaining_time":40.00082505},
{"learn":[2602.608592],"iteration":239,"passed_time":12.59647031,"remaining_time":39.88882265},
{"learn":[2599.652901],"iteration":240,"passed_time":12.66583034,"remaining_time":39.88948228},
{"learn":[2596.63403],"iteration":241,"passed_time":12.72918455,"remaining_time":39.8707516},
{"learn":[2594.101891],"iteration":242,"passed_time":12.76479599,"remaining_time":39.76522866},
{"learn":[2590.958229],"iteration":243,"passed_time":12.80384046,"remaining_time":39.67091554},
{"learn":[2588.697925],"iteration":244,"passed_time":12.85390209,"remaining_time":39.6110044},
{"learn":[2586.52898],"iteration":245,"passed_time":12.91996837,"remaining_time":39.60022825},
{"learn":[2586.345601],"iteration":246,"passed_time":13.00504306,"remaining_time":39.64695312},
{"learn":[2583.545099],"iteration":247,"passed_time":13.04746875,"remaining_time":39.56329233},
{"learn":[2581.414425],"iteration":248,"passed_time":13.08848809,"remaining_time":39.47572112},
{"learn":[2578.697725],"iteration":249,"passed_time":13.15804152,"remaining_time":39.47412457},
{"learn":[2576.821209],"iteration":250,"passed_time":13.22439085,"remaining_time":39.4624253},
{"learn":[2574.736123],"iteration":251,"passed_time":13.26966312,"remaining_time":39.3877302},
{"learn":[2571.010259],"iteration":252,"passed_time":13.33946461,"remaining_time":39.38569195},
{"learn":[2570.228281],"iteration":253,"passed_time":13.38355397,"remaining_time":39.30760338},
{"learn":[2568.249092],"iteration":254,"passed_time":13.47683091,"remaining_time":39.37348638},
{"learn":[2564.955315],"iteration":255,"passed_time":13.53372943,"remaining_time":39.33240115},
{"learn":[2562.70565],"iteration":256,"passed_time":13.57143793,"remaining_time":39.23571356},
{"learn":[2558.780924],"iteration":257,"passed_time":13.64677619,"remaining_time":39.24770516},
{"learn":[2557.104669],"iteration":258,"passed_time":13.73697566,"remaining_time":39.30154039},
{"learn":[2553.571848],"iteration":259,"passed_time":13.78059085,"remaining_time":39.22168166},
{"learn":[2551.553798],"iteration":260,"passed_time":13.83965528,"remaining_time":39.18584388},
{"learn":[2549.384895],"iteration":261,"passed_time":13.93279626,"remaining_time":39.24581542},
{"learn":[2546.757017],"iteration":262,"passed_time":13.97330027,"remaining_time":39.15711902},
{"learn":[2543.493384],"iteration":263,"passed_time":14.02474253,"remaining_time":39.09928219},
{"learn":[2541.118713],"iteration":264,"passed_time":14.12543901,"remaining_time":39.17810441},
{"learn":[2539.065321],"iteration":265,"passed_time":14.19520077,"remaining_time":39.17021567},
{"learn":[2536.099373],"iteration":266,"passed_time":14.25316061,"remaining_time":39.12946339},
{"learn":[2533.337277],"iteration":267,"passed_time":14.35633833,"remaining_time":39.21208828},
{"learn":[2530.321573],"iteration":268,"passed_time":14.45175538,"remaining_time":39.27224232},
{"learn":[2527.860971],"iteration":269,"passed_time":14.8118309,"remaining_time":40.04680206},
{"learn":[2525.816815],"iteration":270,"passed_time":14.91395095,"remaining_time":40.11907838},
{"learn":[2522.967904],"iteration":271,"passed_time":14.9926664,"remaining_time":40.12743067},
{"learn":[2519.715869],"iteration":272,"passed_time":15.09405338,"remaining_time":40.19551945},
{"learn":[2517.160198],"iteration":273,"passed_time":15.1774449,"remaining_time":40.21468977},
{"learn":[2515.160733],"iteration":274,"passed_time":15.21627316,"remaining_time":40.11562925},
{"learn":[2513.293428],"iteration":275,"passed_time":15.2538715,"remaining_time":40.01377885},
{"learn":[2511.169436],"iteration":276,"passed_time":15.37813844,"remaining_time":40.13860683},
{"learn":[2509.18938],"iteration":277,"passed_time":15.4732762,"remaining_time":40.18599072},
{"learn":[2507.206579],"iteration":278,"passed_time":15.52390158,"remaining_time":40.11732272},
{"learn":[2503.410516],"iteration":279,"passed_time":15.63423347,"remaining_time":40.20231464},
{"learn":[2501.418671],"iteration":280,"passed_time":15.74447262,"remaining_time":40.28567906},
{"learn":[2499.40104],"iteration":281,"passed_time":15.82578376,"remaining_time":40.29401681},
{"learn":[2496.601036],"iteration":282,"passed_time":15.94843563,"remaining_time":40.40646058},
{"learn":[2494.754423],"iteration":283,"passed_time":16.04250936,"remaining_time":40.44519965},
{"learn":[2493.317576],"iteration":284,"passed_time":16.1317505,"remaining_time":40.47088283},
{"learn":[2490.599026],"iteration":285,"passed_time":16.17217983,"remaining_time":40.37390349},
{"learn":[2488.67935],"iteration":286,"passed_time":16.26932743,"remaining_time":40.4182246},
{"learn":[2486.96621],"iteration":287,"passed_time":16.37374769,"remaining_time":40.47954291},
{"learn":[2484.635588],"iteration":288,"passed_time":16.46302898,"remaining_time":40.50246923},
{"learn":[2483.161056],"iteration":289,"passed_time":16.55927435,"remaining_time":40.54167167},
{"learn":[2481.540148],"iteration":290,"passed_time":16.60817757,"remaining_time":40.46459758},
{"learn":[2479.078646],"iteration":291,"passed_time":16.74270772,"remaining_time":40.59533242},
{"learn":[2477.198038],"iteration":292,"passed_time":16.84739966,"remaining_time":40.65225789},
{"learn":[2474.314936],"iteration":293,"passed_time":16.91508694,"remaining_time":40.61922239},
{"learn":[2471.923152],"iteration":294,"passed_time":16.97380324,"remaining_time":40.56451284},
{"learn":[2470.779237],"iteration":295,"passed_time":17.23385805,"remaining_time":40.98863536},
{"learn":[2468.659217],"iteration":296,"passed_time":17.31294425,"remaining_time":40.97979733},
{"learn":[2466.512256],"iteration":297,"passed_time":17.38341205,"remaining_time":40.95018543},
{"learn":[2464.218746],"iteration":298,"passed_time":17.47248947,"remaining_time":40.96393017},
{"learn":[2462.434318],"iteration":299,"passed_time":17.56161524,"remaining_time":40.97710223},
{"learn":[2458.593485],"iteration":300,"passed_time":17.70034965,"remaining_time":41.1047987},
{"learn":[2457.200316],"iteration":301,"passed_time":17.75694035,"remaining_time":41.04087537},
{"learn":[2454.161761],"iteration":302,"passed_time":17.8305831,"remaining_time":41.01622582},
{"learn":[2450.906909],"iteration":303,"passed_time":17.89451091,"remaining_time":40.96901182},
{"learn":[2449.921182],"iteration":304,"passed_time":17.96270059,"remaining_time":40.9313997},
{"learn":[2448.312294],"iteration":305,"passed_time":18.02139241,"remaining_time":40.87204684},
{"learn":[2445.871042],"iteration":306,"passed_time":18.08154317,"remaining_time":40.81599159},
{"learn":[2442.957644],"iteration":307,"passed_time":18.14908708,"remaining_time":40.77652033},
{"learn":[2439.816621],"iteration":308,"passed_time":18.25220846,"remaining_time":40.81642734},
{"learn":[2437.832555],"iteration":309,"passed_time":18.33735013,"remaining_time":40.81539222},
{"learn":[2435.862826],"iteration":310,"passed_time":18.59170399,"remaining_time":41.1886947},
{"learn":[2434.219978],"iteration":311,"passed_time":18.72758336,"remaining_time":41.29672229},
{"learn":[2432.794945],"iteration":312,"passed_time":18.96055203,"remaining_time":41.61629151},
{"learn":[2430.047806],"iteration":313,"passed_time":19.01870474,"remaining_time":41.55041863},
{"learn":[2426.943355],"iteration":314,"passed_time":19.11300581,"remaining_time":41.56320311},
{"learn":[2424.477826],"iteration":315,"passed_time":19.2784171,"remaining_time":41.72923196},
{"learn":[2422.386084],"iteration":316,"passed_time":19.35058294,"remaining_time":41.69226546},
{"learn":[2420.932685],"iteration":317,"passed_time":19.42158363,"remaining_time":41.65257873},
{"learn":[2419.229793],"iteration":318,"passed_time":19.53889105,"remaining_time":41.71155112},
{"learn":[2417.073918],"iteration":319,"passed_time":19.60117619,"remaining_time":41.6524994},
{"learn":[2415.758554],"iteration":320,"passed_time":19.69050147,"remaining_time":41.6506246},
{"learn":[2413.469024],"iteration":321,"passed_time":19.73989888,"remaining_time":41.56413491},
{"learn":[2411.646072],"iteration":322,"passed_time":19.78732689,"remaining_time":41.47374707},
{"learn":[2409.433995],"iteration":323,"passed_time":19.85262142,"remaining_time":41.42090147},
{"learn":[2407.8756],"iteration":324,"passed_time":19.92752167,"remaining_time":41.38792963},
{"learn":[2404.894179],"iteration":325,"passed_time":19.98840068,"remaining_time":41.32571184},
{"learn":[2403.600583],"iteration":326,"passed_time":20.03804998,"remaining_time":41.24039032},
{"learn":[2400.458288],"iteration":327,"passed_time":20.09210514,"remaining_time":41.16431297},
{"learn":[2397.620068],"iteration":328,"passed_time":20.21606378,"remaining_time":41.23093858},
{"learn":[2396.967826],"iteration":329,"passed_time":20.32917276,"remaining_time":41.27438107},
{"learn":[2396.461485],"iteration":330,"passed_time":20.37843285,"remaining_time":41.18782954},
{"learn":[2396.099095],"iteration":331,"passed_time":20.46011613,"remaining_time":41.16673968},
{"learn":[2394.957745],"iteration":332,"passed_time":20.53358545,"remaining_time":41.12883332},
{"learn":[2393.558328],"iteration":333,"passed_time":20.57903533,"remaining_time":41.0348429},
{"learn":[2392.011042],"iteration":334,"passed_time":20.72945188,"remaining_time":41.14950896},
{"learn":[2390.434347],"iteration":335,"passed_time":20.81721576,"remaining_time":41.13878352},
{"learn":[2388.214623],"iteration":336,"passed_time":20.8665395,"remaining_time":41.05197535},
{"learn":[2386.35575],"iteration":337,"passed_time":21.03803686,"remaining_time":41.20467574},
{"learn":[2383.654348],"iteration":338,"passed_time":21.25334086,"remaining_time":41.44087996},
{"learn":[2382.194281],"iteration":339,"passed_time":21.36739508,"remaining_time":41.47788456},
{"learn":[2380.137757],"iteration":340,"passed_time":21.51574424,"remaining_time":41.58027993},
{"learn":[2377.594579],"iteration":341,"passed_time":21.63550034,"remaining_time":41.62619656},
{"learn":[2376.239282],"iteration":342,"passed_time":21.69057385,"remaining_time":41.54725079},
{"learn":[2372.578801],"iteration":343,"passed_time":21.72578309,"remaining_time":41.4305631},
{"learn":[2370.428745],"iteration":344,"passed_time":21.80426206,"remaining_time":41.39649753},
{"learn":[2369.152154],"iteration":345,"passed_time":21.89179659,"remaining_time":41.37929182},
{"learn":[2368.664734],"iteration":346,"passed_time":21.95224179,"remaining_time":41.31070286},
{"learn":[2367.483348],"iteration":347,"passed_time":22.00817236,"remaining_time":41.23370223},
{"learn":[2365.97687],"iteration":348,"passed_time":22.07463746,"remaining_time":41.17647274},
{"learn":[2364.413714],"iteration":349,"passed_time":22.14358782,"remaining_time":41.12380594},
{"learn":[2363.44221],"iteration":350,"passed_time":22.19401443,"remaining_time":41.03679591},
{"learn":[2362.064558],"iteration":351,"passed_time":22.24812542,"remaining_time":40.95677634},
{"learn":[2359.604422],"iteration":352,"passed_time":22.34855883,"remaining_time":40.96180613},
{"learn":[2357.389719],"iteration":353,"passed_time":22.4081018,"remaining_time":40.89162079},
{"learn":[2356.306509],"iteration":354,"passed_time":22.4429915,"remaining_time":40.77670287},
{"learn":[2353.693918],"iteration":355,"passed_time":22.49701476,"remaining_time":40.69684693},
{"learn":[2351.418767],"iteration":356,"passed_time":22.57974029,"remaining_time":40.66883195},
{"learn":[2349.091723],"iteration":357,"passed_time":22.62734133,"remaining_time":40.57752272},
{"learn":[2348.58299],"iteration":358,"passed_time":22.6912317,"remaining_time":40.51554184},
{"learn":[2346.964188],"iteration":359,"passed_time":22.83598361,"remaining_time":40.5973042},
{"learn":[2344.107362],"iteration":360,"passed_time":22.90549457,"remaining_time":40.54462889},
{"learn":[2342.190387],"iteration":361,"passed_time":22.97045277,"remaining_time":40.48383664},
{"learn":[2340.267093],"iteration":362,"passed_time":23.08568626,"remaining_time":40.51124558},
{"learn":[2337.553551],"iteration":363,"passed_time":23.15442759,"remaining_time":40.45663722},
{"learn":[2335.811452],"iteration":364,"passed_time":23.23892871,"remaining_time":40.42936913},
{"learn":[2335.737874],"iteration":365,"passed_time":23.27982472,"remaining_time":40.32625375},
{"learn":[2334.654792],"iteration":366,"passed_time":23.34576697,"remaining_time":40.26667709},
{"learn":[2333.04562],"iteration":367,"passed_time":23.4417708,"remaining_time":40.25869332},
{"learn":[2332.25388],"iteration":368,"passed_time":23.48444528,"remaining_time":40.15903786},
{"learn":[2330.50337],"iteration":369,"passed_time":23.52345495,"remaining_time":40.05345032},
{"learn":[2329.529754],"iteration":370,"passed_time":23.55606757,"remaining_time":39.93737602},
{"learn":[2328.220303],"iteration":371,"passed_time":23.63513125,"remaining_time":39.90016781},
{"learn":[2328.142594],"iteration":372,"passed_time":23.70171264,"remaining_time":39.84175287},
{"learn":[2326.621277],"iteration":373,"passed_time":23.74204765,"remaining_time":39.73936317},
{"learn":[2324.993948],"iteration":374,"passed_time":23.79318436,"remaining_time":39.65530726},
{"learn":[2323.94997],"iteration":375,"passed_time":23.93092566,"remaining_time":39.71515322},
{"learn":[2322.043346],"iteration":376,"passed_time":23.99125182,"remaining_time":39.64602091},
{"learn":[2320.31728],"iteration":377,"passed_time":24.08987186,"remaining_time":39.63994788},
{"learn":[2319.042928],"iteration":378,"passed_time":24.13232389,"remaining_time":39.54135393},
{"learn":[2317.518825],"iteration":379,"passed_time":24.19188804,"remaining_time":39.47097523},
{"learn":[2316.638981],"iteration":380,"passed_time":24.30587559,"remaining_time":39.48907346},
{"learn":[2315.014904],"iteration":381,"passed_time":24.34071681,"remaining_time":39.37843715},
{"learn":[2312.701741],"iteration":382,"passed_time":24.37968738,"remaining_time":39.27484885},
{"learn":[2310.745134],"iteration":383,"passed_time":24.45295967,"remaining_time":39.22662281},
{"learn":[2309.181154],"iteration":384,"passed_time":24.53923576,"remaining_time":39.19903894},
{"learn":[2306.724916],"iteration":385,"passed_time":24.58448627,"remaining_time":39.10589267},
{"learn":[2305.236077],"iteration":386,"passed_time":24.66217025,"remaining_time":39.06436786},
{"learn":[2303.384482],"iteration":387,"passed_time":24.71914683,"remaining_time":38.98999449},
{"learn":[2301.995595],"iteration":388,"passed_time":24.77865564,"remaining_time":38.91968791},
{"learn":[2300.682571],"iteration":389,"passed_time":24.86204735,"remaining_time":38.88679201},
{"learn":[2298.671258],"iteration":390,"passed_time":24.93937681,"remaining_time":38.8441956},
{"learn":[2295.629437],"iteration":391,"passed_time":24.98174025,"remaining_time":38.74718896},
{"learn":[2294.624883],"iteration":392,"passed_time":25.07552612,"remaining_time":38.72988385},
{"learn":[2293.252808],"iteration":393,"passed_time":25.14773973,"remaining_time":38.67901086},
{"learn":[2292.116499],"iteration":394,"passed_time":25.18952604,"remaining_time":38.58142596},
{"learn":[2290.182029],"iteration":395,"passed_time":25.23359945,"remaining_time":38.48761128},
{"learn":[2289.804555],"iteration":396,"passed_time":25.31698336,"remaining_time":38.45375558},
{"learn":[2288.36397],"iteration":397,"passed_time":25.4028008,"remaining_time":38.42333186},
{"learn":[2284.717471],"iteration":398,"passed_time":25.45736981,"remaining_time":38.34556204},
{"learn":[2283.018695],"iteration":399,"passed_time":25.50566654,"remaining_time":38.25849981},
{"learn":[2282.035508],"iteration":400,"passed_time":25.57389662,"remaining_time":38.20140667},
{"learn":[2280.592872],"iteration":401,"passed_time":25.67097095,"remaining_time":38.18716574},
{"learn":[2279.296916],"iteration":402,"passed_time":25.72158893,"remaining_time":38.10369377},
{"learn":[2277.212864],"iteration":403,"passed_time":25.78579041,"remaining_time":38.04042348},
{"learn":[2275.97778],"iteration":404,"passed_time":25.956126,"remaining_time":38.133074},
{"learn":[2274.24214],"iteration":405,"passed_time":26.09401517,"remaining_time":38.17695815},
{"learn":[2273.037818],"iteration":406,"passed_time":26.19049137,"remaining_time":38.15961027},
{"learn":[2271.586818],"iteration":407,"passed_time":26.30695607,"remaining_time":38.17087743},
{"learn":[2269.706038],"iteration":408,"passed_time":26.36667042,"remaining_time":38.09951642},
{"learn":[2268.450114],"iteration":409,"passed_time":26.42282117,"remaining_time":38.02308413},
{"learn":[2266.525674],"iteration":410,"passed_time":26.50228898,"remaining_time":37.98016596},
{"learn":[2265.567084],"iteration":411,"passed_time":26.53959685,"remaining_time":37.87690036},
{"learn":[2263.31628],"iteration":412,"passed_time":26.59925218,"remaining_time":37.80571679},
{"learn":[2261.834832],"iteration":413,"passed_time":26.68983154,"remaining_time":37.77836059},
{"learn":[2260.440468],"iteration":414,"passed_time":26.76226808,"remaining_time":37.72512488},
{"learn":[2258.79652],"iteration":415,"passed_time":26.80658694,"remaining_time":37.63232398},
{"learn":[2256.222544],"iteration":416,"passed_time":26.88853981,"remaining_time":37.592371},
{"learn":[2254.939184],"iteration":417,"passed_time":26.97297745,"remaining_time":37.55567673},
{"learn":[2253.72857],"iteration":418,"passed_time":27.02826792,"remaining_time":37.47833809},
{"learn":[2252.283692],"iteration":419,"passed_time":27.11080819,"remaining_time":37.43873512},
{"learn":[2251.573156],"iteration":420,"passed_time":27.18811063,"remaining_time":37.3917246},
{"learn":[2249.493427],"iteration":421,"passed_time":27.24351266,"remaining_time":37.31457421},
{"learn":[2248.659672],"iteration":422,"passed_time":27.33755122,"remaining_time":37.29022944},
{"learn":[2246.450027],"iteration":423,"passed_time":27.50580717,"remaining_time":37.36637955},
{"learn":[2244.578174],"iteration":424,"passed_time":27.60990459,"remaining_time":37.3545768},
{"learn":[2243.171829],"iteration":425,"passed_time":27.77488473,"remaining_time":37.4243752},
{"learn":[2241.913028],"iteration":426,"passed_time":27.87780929,"remaining_time":37.40980029},
{"learn":[2240.24114],"iteration":427,"passed_time":28.04434832,"remaining_time":37.47982999},
{"learn":[2238.868391],"iteration":428,"passed_time":28.13098621,"remaining_time":37.44240822},
{"learn":[2237.860772],"iteration":429,"passed_time":28.25949733,"remaining_time":37.46026391},
{"learn":[2235.582727],"iteration":430,"passed_time":28.35402679,"remaining_time":37.43257829},
{"learn":[2234.033409],"iteration":431,"passed_time":28.4415256,"remaining_time":37.39533922},
{"learn":[2232.35339],"iteration":432,"passed_time":28.49482966,"remaining_time":37.31309104},
{"learn":[2229.034219],"iteration":433,"passed_time":28.56076166,"remaining_time":37.24744493},
{"learn":[2228.116199],"iteration":434,"passed_time":28.62883348,"remaining_time":37.18457682},
{"learn":[2226.921854],"iteration":435,"passed_time":28.82887905,"remaining_time":37.29240318},
{"learn":[2225.30769],"iteration":436,"passed_time":28.97646542,"remaining_time":37.33123577},
{"learn":[2223.88597],"iteration":437,"passed_time":29.09202615,"remaining_time":37.32812488},
{"learn":[2222.697669],"iteration":438,"passed_time":29.17392533,"remaining_time":37.28148545},
{"learn":[2222.610088],"iteration":439,"passed_time":29.2786558,"remaining_time":37.26374375},
{"learn":[2220.982771],"iteration":440,"passed_time":29.35767145,"remaining_time":37.21301211},
{"learn":[2218.869538],"iteration":441,"passed_time":29.46540255,"remaining_time":37.19840412},
{"learn":[2216.53632],"iteration":442,"passed_time":29.59499754,"remaining_time":37.21086599},
{"learn":[2213.978025],"iteration":443,"passed_time":29.67227104,"remaining_time":37.15716824},
{"learn":[2212.533657],"iteration":444,"passed_time":29.70982875,"remaining_time":37.05383137},
{"learn":[2211.337692],"iteration":445,"passed_time":29.76091,"remaining_time":36.96758776},
{"learn":[2210.117965],"iteration":446,"passed_time":29.82565608,"remaining_time":36.89840674},
{"learn":[2209.260017],"iteration":447,"passed_time":29.91327163,"remaining_time":36.85742397},
{"learn":[2208.589963],"iteration":448,"passed_time":30.0176276,"remaining_time":36.83677686},
{"learn":[2207.084907],"iteration":449,"passed_time":30.08835261,"remaining_time":36.77465319},
{"learn":[2206.614391],"iteration":450,"passed_time":30.15659295,"remaining_time":36.70946681},
{"learn":[2205.13077],"iteration":451,"passed_time":30.2671155,"remaining_time":36.69552941},
{"learn":[2204.032363],"iteration":452,"passed_time":30.3259559,"remaining_time":36.61875912},
{"learn":[2202.680277],"iteration":453,"passed_time":30.43798439,"remaining_time":36.60603409},
{"learn":[2201.038399],"iteration":454,"passed_time":30.51052188,"remaining_time":36.54557016},
{"learn":[2200.956757],"iteration":455,"passed_time":30.53532761,"remaining_time":36.42811014},
{"learn":[2200.443268],"iteration":456,"passed_time":30.61524069,"remaining_time":36.37653325},
{"learn":[2199.240697],"iteration":457,"passed_time":30.75378597,"remaining_time":36.39421834},
{"learn":[2198.59431],"iteration":458,"passed_time":30.90645205,"remaining_time":36.42786614},
{"learn":[2197.041372],"iteration":459,"passed_time":30.98688403,"remaining_time":36.37590734},
{"learn":[2196.992585],"iteration":460,"passed_time":31.1071946,"remaining_time":36.37045095},
{"learn":[2196.450152],"iteration":461,"passed_time":31.17767453,"remaining_time":36.30646948},
{"learn":[2192.79365],"iteration":462,"passed_time":31.27751527,"remaining_time":36.27651339},
{"learn":[2190.527641],"iteration":463,"passed_time":31.36889857,"remaining_time":36.23648627},
{"learn":[2189.234001],"iteration":464,"passed_time":31.49192989,"remaining_time":36.23265052},
{"learn":[2187.645084],"iteration":465,"passed_time":31.54931999,"remaining_time":36.15308342},
{"learn":[2186.181095],"iteration":466,"passed_time":31.63010272,"remaining_time":36.10030995},
{"learn":[2185.169466],"iteration":467,"passed_time":31.69522798,"remaining_time":36.02961813},
{"learn":[2183.05832],"iteration":468,"passed_time":31.80120116,"remaining_time":36.0051979},
{"learn":[2182.348824],"iteration":469,"passed_time":31.89038788,"remaining_time":35.96150122},
{"learn":[2180.868721],"iteration":470,"passed_time":31.9535709,"remaining_time":35.88840553},
{"learn":[2179.600036],"iteration":471,"passed_time":32.00288522,"remaining_time":35.7998377},
{"learn":[2179.451137],"iteration":472,"passed_time":32.1289546,"remaining_time":35.79695364},
{"learn":[2179.394483],"iteration":473,"passed_time":32.2172556,"remaining_time":35.75163807},
{"learn":[2178.062637],"iteration":474,"passed_time":32.28514083,"remaining_time":35.6835767},
{"learn":[2176.595697],"iteration":475,"passed_time":32.36583277,"remaining_time":35.62961422},
{"learn":[2175.100198],"iteration":476,"passed_time":32.48580332,"remaining_time":35.61860616},
{"learn":[2173.129521],"iteration":477,"passed_time":32.57884663,"remaining_time":35.57773627},
{"learn":[2170.967158],"iteration":478,"passed_time":32.67200552,"remaining_time":35.53677427},
{"learn":[2170.444526],"iteration":479,"passed_time":32.76084228,"remaining_time":35.49091247},
{"learn":[2170.296066],"iteration":480,"passed_time":32.83780869,"remaining_time":35.43206384},
{"learn":[2169.706243],"iteration":481,"passed_time":32.94519417,"remaining_time":35.40583108},
{"learn":[2168.159607],"iteration":482,"passed_time":32.99835355,"remaining_time":35.32121902},
{"learn":[2168.06552],"iteration":483,"passed_time":33.05530061,"remaining_time":35.24077503},
{"learn":[2166.617487],"iteration":484,"passed_time":33.17154949,"remaining_time":35.22339791},
{"learn":[2164.419369],"iteration":485,"passed_time":33.23824533,"remaining_time":35.15320597},
{"learn":[2164.139812],"iteration":486,"passed_time":33.33350511,"remaining_time":35.11311729},
{"learn":[2163.337022],"iteration":487,"passed_time":33.37531771,"remaining_time":35.01672678},
{"learn":[2162.024393],"iteration":488,"passed_time":33.43731808,"remaining_time":34.9416555},
{"learn":[2159.967251],"iteration":489,"passed_time":33.51234092,"remaining_time":34.88019156},
{"learn":[2159.157586],"iteration":490,"passed_time":33.57181874,"remaining_time":34.80255751},
{"learn":[2157.553843],"iteration":491,"passed_time":33.63750255,"remaining_time":34.73140507},
{"learn":[2156.155273],"iteration":492,"passed_time":33.71634293,"remaining_time":34.673805},
{"learn":[2154.713378],"iteration":493,"passed_time":33.7923959,"remaining_time":34.61326382},
{"learn":[2153.347468],"iteration":494,"passed_time":33.86201999,"remaining_time":34.54610121},
{"learn":[2151.5302],"iteration":495,"passed_time":33.9376413,"remaining_time":34.48502261},
{"learn":[2151.21024],"iteration":496,"passed_time":34.07479196,"remaining_time":34.48615766},
{"learn":[2150.528685],"iteration":497,"passed_time":34.32307866,"remaining_time":34.59876604},
{"learn":[2148.832949],"iteration":498,"passed_time":34.51477958,"remaining_time":34.65311537},
{"learn":[2147.467064],"iteration":499,"passed_time":34.71119102,"remaining_time":34.71119102},
{"learn":[2146.431594],"iteration":500,"passed_time":34.79642077,"remaining_time":34.6575129},
{"learn":[2144.775397],"iteration":501,"passed_time":34.88388809,"remaining_time":34.60592882},
{"learn":[2143.785445],"iteration":502,"passed_time":34.99691232,"remaining_time":34.57945412},
{"learn":[2142.604884],"iteration":503,"passed_time":35.07178966,"remaining_time":34.51509459},
{"learn":[2142.070505],"iteration":504,"passed_time":35.19662273,"remaining_time":34.4996599},
{"learn":[2141.337126],"iteration":505,"passed_time":35.29071797,"remaining_time":34.45378395},
{"learn":[2141.289303],"iteration":506,"passed_time":35.35075972,"remaining_time":34.37460462},
{"learn":[2139.626448],"iteration":507,"passed_time":35.45407686,"remaining_time":34.33741302},
{"learn":[2138.386638],"iteration":508,"passed_time":35.51286935,"remaining_time":34.25701149},
{"learn":[2136.536819],"iteration":509,"passed_time":35.6180469,"remaining_time":34.22126075},
{"learn":[2135.292168],"iteration":510,"passed_time":35.65599719,"remaining_time":34.12090533},
{"learn":[2134.665334],"iteration":511,"passed_time":35.7100175,"remaining_time":34.03611043},
{"learn":[2132.37855],"iteration":512,"passed_time":35.77289996,"remaining_time":33.9598485},
{"learn":[2131.353106],"iteration":513,"passed_time":35.86316136,"remaining_time":33.90952611},
{"learn":[2129.960937],"iteration":514,"passed_time":35.91447302,"remaining_time":33.82236779},
{"learn":[2129.145112],"iteration":515,"passed_time":35.98333305,"remaining_time":33.75180852},
{"learn":[2127.332177],"iteration":516,"passed_time":36.07028995,"remaining_time":33.69816257},
{"learn":[2127.263713],"iteration":517,"passed_time":36.10832565,"remaining_time":33.59886673},
{"learn":[2125.466725],"iteration":518,"passed_time":36.19500306,"remaining_time":33.54488723},
{"learn":[2124.013061],"iteration":519,"passed_time":36.28068944,"remaining_time":33.48986718},
{"learn":[2123.298791],"iteration":520,"passed_time":36.33001824,"remaining_time":33.40130276},
{"learn":[2122.02784],"iteration":521,"passed_time":36.40492647,"remaining_time":33.33631198},
{"learn":[2120.166575],"iteration":522,"passed_time":36.49085672,"remaining_time":33.28133586},
{"learn":[2118.701352],"iteration":523,"passed_time":36.59108454,"remaining_time":33.23922946},
{"learn":[2117.626264],"iteration":524,"passed_time":36.83932575,"remaining_time":33.33081854},
{"learn":[2117.178559],"iteration":525,"passed_time":36.95683179,"remaining_time":33.30330469},
{"learn":[2117.121976],"iteration":526,"passed_time":37.12411518,"remaining_time":33.32012614},
{"learn":[2115.442135],"iteration":527,"passed_time":37.31943267,"remaining_time":33.36131102},
{"learn":[2113.472601],"iteration":528,"passed_time":37.39148219,"remaining_time":33.29184898},
{"learn":[2112.438579],"iteration":529,"passed_time":37.55408479,"remaining_time":33.30267896},
{"learn":[2111.70887],"iteration":530,"passed_time":37.6505239,"remaining_time":33.25441753},
{"learn":[2110.324983],"iteration":531,"passed_time":37.70870922,"remaining_time":33.17232315},
{"learn":[2108.974109],"iteration":532,"passed_time":37.83358406,"remaining_time":33.14875001},
{"learn":[2108.201167],"iteration":533,"passed_time":37.93063803,"remaining_time":33.10051933},
{"learn":[2106.863137],"iteration":534,"passed_time":38.13315977,"remaining_time":33.14377438},
{"learn":[2105.486285],"iteration":535,"passed_time":38.22309772,"remaining_time":33.08865176},
{"learn":[2105.259744],"iteration":536,"passed_time":38.31941319,"remaining_time":33.03889816},
{"learn":[2104.964859],"iteration":537,"passed_time":38.40132157,"remaining_time":32.97659956},
{"learn":[2103.960207],"iteration":538,"passed_time":38.46822466,"remaining_time":32.90139438},
{"learn":[2101.608682],"iteration":539,"passed_time":38.57862024,"remaining_time":32.8632691},
{"learn":[2100.20362],"iteration":540,"passed_time":38.64550453,"remaining_time":32.7879604},
{"learn":[2098.499166],"iteration":541,"passed_time":38.7292405,"remaining_time":32.72692279},
{"learn":[2097.167075],"iteration":542,"passed_time":38.78166618,"remaining_time":32.63945018},
{"learn":[2096.52331],"iteration":543,"passed_time":38.86965833,"remaining_time":32.58191948},
{"learn":[2095.430486],"iteration":544,"passed_time":38.9539899,"remaining_time":32.52122093},
{"learn":[2094.341869],"iteration":545,"passed_time":39.10185818,"remaining_time":32.51326669},
{"learn":[2093.895467],"iteration":546,"passed_time":39.18523609,"remaining_time":32.45139296},
{"learn":[2093.544084],"iteration":547,"passed_time":39.23642415,"remaining_time":32.36289},
{"learn":[2092.24456],"iteration":548,"passed_time":39.32669498,"remaining_time":32.30662921},
{"learn":[2090.867434],"iteration":549,"passed_time":39.41852379,"remaining_time":32.25151947},
{"learn":[2089.502719],"iteration":550,"passed_time":39.58488207,"remaining_time":32.25700916},
{"learn":[2089.471683],"iteration":551,"passed_time":39.65214679,"remaining_time":32.18145247},
{"learn":[2087.771199],"iteration":552,"passed_time":39.77443303,"remaining_time":32.15040066},
{"learn":[2086.957051],"iteration":553,"passed_time":39.83739185,"remaining_time":32.0712577},
{"learn":[2085.440699],"iteration":554,"passed_time":39.89913992,"remaining_time":31.99120228},
{"learn":[2084.482115],"iteration":555,"passed_time":40.00619495,"remaining_time":31.94739309},
{"learn":[2084.450898],"iteration":556,"passed_time":40.13135202,"remaining_time":31.91775394},
{"learn":[2084.425901],"iteration":557,"passed_time":40.20497019,"remaining_time":31.84694771},
{"learn":[2082.714426],"iteration":558,"passed_time":40.27475675,"remaining_time":31.77310864},
{"learn":[2081.105891],"iteration":559,"passed_time":40.35364241,"remaining_time":31.70643332},
{"learn":[2079.562237],"iteration":560,"passed_time":40.453522,"remaining_time":31.65614288},
{"learn":[2077.77021],"iteration":561,"passed_time":40.5853782,"remaining_time":31.63059725},
{"learn":[2076.242966],"iteration":562,"passed_time":40.65037585,"remaining_time":31.55277841},
{"learn":[2075.39769],"iteration":563,"passed_time":40.75071467,"remaining_time":31.50232552},
{"learn":[2073.677014],"iteration":564,"passed_time":40.82869507,"remaining_time":31.43448204},
{"learn":[2072.526107],"iteration":565,"passed_time":40.88734898,"remaining_time":31.35178349},
{"learn":[2071.323311],"iteration":566,"passed_time":40.99856992,"remaining_time":31.30931353},
{"learn":[2070.455571],"iteration":567,"passed_time":41.09842235,"remaining_time":31.25795503},
{"learn":[2069.668039],"iteration":568,"passed_time":41.17954629,"remaining_time":31.19223981},
{"learn":[2068.38859],"iteration":569,"passed_time":41.27425576,"remaining_time":31.13671926},
{"learn":[2067.650726],"iteration":570,"passed_time":41.39777375,"remaining_time":31.10270567},
{"learn":[2066.292073],"iteration":571,"passed_time":41.49690233,"remaining_time":31.05012971},
{"learn":[2064.443609],"iteration":572,"passed_time":41.5405974,"remaining_time":30.95608218},
{"learn":[2063.60954],"iteration":573,"passed_time":41.59682253,"remaining_time":30.87150941},
{"learn":[2062.213351],"iteration":574,"passed_time":41.67476335,"remaining_time":30.80308595},
{"learn":[2060.62225],"iteration":575,"passed_time":41.72670678,"remaining_time":30.71549249},
{"learn":[2060.080641],"iteration":576,"passed_time":41.82885226,"remaining_time":30.66482583},
{"learn":[2059.480463],"iteration":577,"passed_time":41.89162196,"remaining_time":30.58523264},
{"learn":[2057.945306],"iteration":578,"passed_time":41.99769062,"remaining_time":30.53718092},
{"learn":[2056.732277],"iteration":579,"passed_time":42.11171666,"remaining_time":30.49469137},
{"learn":[2055.182023],"iteration":580,"passed_time":42.18784108,"remaining_time":30.42462205},
{"learn":[2054.526987],"iteration":581,"passed_time":42.29022834,"remaining_time":30.37339424},
{"learn":[2052.788354],"iteration":582,"passed_time":42.32861828,"remaining_time":30.27621582},
{"learn":[2051.845528],"iteration":583,"passed_time":42.38948796,"remaining_time":30.1952517},
{"learn":[2051.103521],"iteration":584,"passed_time":42.4934678,"remaining_time":30.1449387},
{"learn":[2051.078661],"iteration":585,"passed_time":42.55878227,"remaining_time":30.06712604},
{"learn":[2049.431773],"iteration":586,"passed_time":42.69212054,"remaining_time":30.03721599},
{"learn":[2047.979684],"iteration":587,"passed_time":42.77596711,"remaining_time":29.97227627},
{"learn":[2046.348457],"iteration":588,"passed_time":42.86476998,"remaining_time":29.91073084},
{"learn":[2045.140248],"iteration":589,"passed_time":43.01190447,"remaining_time":29.88962853},
{"learn":[2043.807043],"iteration":590,"passed_time":43.10892028,"remaining_time":29.83341522},
{"learn":[2042.938531],"iteration":591,"passed_time":43.1929028,"remaining_time":29.76808166},
{"learn":[2041.389189],"iteration":592,"passed_time":43.29182586,"remaining_time":29.7129395},
{"learn":[2040.097938],"iteration":593,"passed_time":43.36053652,"remaining_time":29.63699971},
{"learn":[2038.843889],"iteration":594,"passed_time":43.45497018,"remaining_time":29.57859314},
{"learn":[2037.539053],"iteration":595,"passed_time":43.55152846,"remaining_time":29.52150587},
{"learn":[2036.197419],"iteration":596,"passed_time":43.62559763,"remaining_time":29.44910527},
{"learn":[2035.04465],"iteration":597,"passed_time":43.74985453,"remaining_time":29.41043733},
{"learn":[2032.474456],"iteration":598,"passed_time":43.83659976,"remaining_time":29.34637146},
{"learn":[2031.190857],"iteration":599,"passed_time":43.95603557,"remaining_time":29.30402371},
{"learn":[2029.716092],"iteration":600,"passed_time":44.07992143,"remaining_time":29.2643738},
{"learn":[2028.386395],"iteration":601,"passed_time":44.15776676,"remaining_time":29.19400527},
{"learn":[2026.944936],"iteration":602,"passed_time":44.23245682,"remaining_time":29.12153459},
{"learn":[2026.00712],"iteration":603,"passed_time":44.32751295,"remaining_time":29.06240915},
{"learn":[2025.009413],"iteration":604,"passed_time":44.41997332,"remaining_time":29.00147018},
{"learn":[2023.648894],"iteration":605,"passed_time":44.5081,"remaining_time":28.93760957},
{"learn":[2020.807353],"iteration":606,"passed_time":44.58450095,"remaining_time":28.86607722},
{"learn":[2019.478587],"iteration":607,"passed_time":44.6556483,"remaining_time":28.79114166},
{"learn":[2017.89692],"iteration":608,"passed_time":44.73908008,"remaining_time":28.7241056},
{"learn":[2016.945344],"iteration":609,"passed_time":44.83501752,"remaining_time":28.6650112},
{"learn":[2015.792096],"iteration":610,"passed_time":44.98595978,"remaining_time":28.64081564},
{"learn":[2014.344771],"iteration":611,"passed_time":45.05054644,"remaining_time":28.56145755},
{"learn":[2012.894268],"iteration":612,"passed_time":45.15246705,"remaining_time":28.50571737},
{"learn":[2011.954427],"iteration":613,"passed_time":45.20373281,"remaining_time":28.41798186},
{"learn":[2010.965134],"iteration":614,"passed_time":45.28957878,"remaining_time":28.35201273},
{"learn":[2010.373542],"iteration":615,"passed_time":45.41777073,"remaining_time":28.31237656},
{"learn":[2009.076964],"iteration":616,"passed_time":45.48558827,"remaining_time":28.23497618},
{"learn":[2008.289875],"iteration":617,"passed_time":45.60764528,"remaining_time":28.19113349},
{"learn":[2006.523318],"iteration":618,"passed_time":45.65329855,"remaining_time":28.1000109},
{"learn":[2004.636067],"iteration":619,"passed_time":45.73446102,"remaining_time":28.03079869},
{"learn":[2003.37601],"iteration":620,"passed_time":45.80293791,"remaining_time":27.95380591},
{"learn":[2002.363359],"iteration":621,"passed_time":45.87303576,"remaining_time":27.87782559},
{"learn":[2001.408562],"iteration":622,"passed_time":45.97365011,"remaining_time":27.8203308},
{"learn":[2000.436138],"iteration":623,"passed_time":46.03306946,"remaining_time":27.73787519},
{"learn":[1998.937459],"iteration":624,"passed_time":46.11973612,"remaining_time":27.67184167},
{"learn":[1997.852605],"iteration":625,"passed_time":46.20184239,"remaining_time":27.60301766},
{"learn":[1996.616114],"iteration":626,"passed_time":46.30632298,"remaining_time":27.54746168},
{"learn":[1995.024683],"iteration":627,"passed_time":46.41637697,"remaining_time":27.49505132},
{"learn":[1994.117978],"iteration":628,"passed_time":46.51774582,"remaining_time":27.43733497},
{"learn":[1993.040774],"iteration":629,"passed_time":46.62680137,"remaining_time":27.38399445},
{"learn":[1993.003028],"iteration":630,"passed_time":46.70383083,"remaining_time":27.31174893},
{"learn":[1991.498619],"iteration":631,"passed_time":46.78606898,"remaining_time":27.24252118},
{"learn":[1989.872819],"iteration":632,"passed_time":46.90851692,"remaining_time":27.1965651},
{"learn":[1988.760093],"iteration":633,"passed_time":47.01173422,"remaining_time":27.13926613},
{"learn":[1987.459708],"iteration":634,"passed_time":47.14758347,"remaining_time":27.10057948},
{"learn":[1985.353139],"iteration":635,"passed_time":47.25490621,"remaining_time":27.04526079},
{"learn":[1983.951841],"iteration":636,"passed_time":47.37181854,"remaining_time":26.99524353},
{"learn":[1982.873926],"iteration":637,"passed_time":47.44835515,"remaining_time":26.92210747},
{"learn":[1981.581507],"iteration":638,"passed_time":47.53862511,"remaining_time":26.85671935},
{"learn":[1980.623049],"iteration":639,"passed_time":47.65738228,"remaining_time":26.80727753},
{"learn":[1979.654273],"iteration":640,"passed_time":47.71823409,"remaining_time":26.72518883},
{"learn":[1977.834239],"iteration":641,"passed_time":47.79882616,"remaining_time":26.65417409},
{"learn":[1976.739042],"iteration":642,"passed_time":47.86783902,"remaining_time":26.57670067},
{"learn":[1976.715681],"iteration":643,"passed_time":47.9429936,"remaining_time":26.50264863},
{"learn":[1975.289147],"iteration":644,"passed_time":47.99654625,"remaining_time":26.41670375},
{"learn":[1973.82708],"iteration":645,"passed_time":48.11648085,"remaining_time":26.36723563},
{"learn":[1972.720412],"iteration":646,"passed_time":48.18079486,"remaining_time":26.28720338},
{"learn":[1971.475302],"iteration":647,"passed_time":48.3030032,"remaining_time":26.2386684},
{"learn":[1970.533809],"iteration":648,"passed_time":48.36682816,"remaining_time":26.15833079},
{"learn":[1969.53545],"iteration":649,"passed_time":48.44962436,"remaining_time":26.08825927},
{"learn":[1967.810227],"iteration":650,"passed_time":48.54742507,"remaining_time":26.02619255},
{"learn":[1966.010919],"iteration":651,"passed_time":48.61810948,"remaining_time":25.9495431},
{"learn":[1963.79918],"iteration":652,"passed_time":48.74005311,"remaining_time":25.90015073},
{"learn":[1962.909681],"iteration":653,"passed_time":48.81941116,"remaining_time":25.82800652},
{"learn":[1962.416852],"iteration":654,"passed_time":48.94376699,"remaining_time":25.77954139},
{"learn":[1960.848655],"iteration":655,"passed_time":49.03349545,"remaining_time":25.71268664},
{"learn":[1959.068738],"iteration":656,"passed_time":49.13213117,"remaining_time":25.65041247},
{"learn":[1958.187124],"iteration":657,"passed_time":49.23582397,"remaining_time":25.59065623},
{"learn":[1957.259154],"iteration":658,"passed_time":49.35830377,"remaining_time":25.54048799},
{"learn":[1956.14811],"iteration":659,"passed_time":49.47168256,"remaining_time":25.48541223},
{"learn":[1955.244246],"iteration":660,"passed_time":49.53292018,"remaining_time":25.40341897},
{"learn":[1954.094631],"iteration":661,"passed_time":49.60761021,"remaining_time":25.32835687},
{"learn":[1952.397477],"iteration":662,"passed_time":49.69457081,"remaining_time":25.25953297},
{"learn":[1951.390939],"iteration":663,"passed_time":49.80553532,"remaining_time":25.20280101},
{"learn":[1950.200008],"iteration":664,"passed_time":49.89173054,"remaining_time":25.13342817},
{"learn":[1949.32832],"iteration":665,"passed_time":49.94470372,"remaining_time":25.04734391},
{"learn":[1948.010039],"iteration":666,"passed_time":50.01538007,"remaining_time":24.97019725},
{"learn":[1947.124938],"iteration":667,"passed_time":50.10627154,"remaining_time":24.90311699},
{"learn":[1946.311779],"iteration":668,"passed_time":50.19456608,"remaining_time":24.83468067},
{"learn":[1945.178868],"iteration":669,"passed_time":50.29707586,"remaining_time":24.77318662},
{"learn":[1944.42039],"iteration":670,"passed_time":50.3820676,"remaining_time":24.70298098},
{"learn":[1943.587138],"iteration":671,"passed_time":50.47080959,"remaining_time":24.63456182},
{"learn":[1942.802423],"iteration":672,"passed_time":50.53081356,"remaining_time":24.55211892},
{"learn":[1941.56278],"iteration":673,"passed_time":50.6986594,"remaining_time":24.52190351},
{"learn":[1940.884801],"iteration":674,"passed_time":50.93716004,"remaining_time":24.52529928},
{"learn":[1939.281762],"iteration":675,"passed_time":51.10935933,"remaining_time":24.49620181},
{"learn":[1938.024487],"iteration":676,"passed_time":51.19306968,"remaining_time":24.42446308},
{"learn":[1937.195757],"iteration":677,"passed_time":51.29432369,"remaining_time":24.36102099},
{"learn":[1936.214814],"iteration":678,"passed_time":51.41938133,"remaining_time":24.30872078},
{"learn":[1935.299325],"iteration":679,"passed_time":51.48621913,"remaining_time":24.228809},
{"learn":[1934.955746],"iteration":680,"passed_time":51.58442794,"remaining_time":24.16363071},
{"learn":[1933.836272],"iteration":681,"passed_time":51.64502369,"remaining_time":24.0808175},
{"learn":[1933.054601],"iteration":682,"passed_time":51.74423494,"remaining_time":24.01599191},
{"learn":[1932.230304],"iteration":683,"passed_time":51.96936428,"remaining_time":24.00923847},
{"learn":[1931.055507],"iteration":684,"passed_time":52.03138218,"remaining_time":23.92683998},
{"learn":[1929.98602],"iteration":685,"passed_time":52.15187218,"remaining_time":23.87126511},
{"learn":[1929.324276],"iteration":686,"passed_time":52.23164721,"remaining_time":23.79695135},
{"learn":[1928.462961],"iteration":687,"passed_time":52.30986842,"remaining_time":23.72191707},
{"learn":[1927.863815],"iteration":688,"passed_time":52.39122866,"remaining_time":23.64829044},
{"learn":[1926.718519],"iteration":689,"passed_time":52.51788209,"remaining_time":23.5949905},
{"learn":[1926.189754],"iteration":690,"passed_time":52.58649272,"remaining_time":23.5155228},
{"learn":[1925.465695],"iteration":691,"passed_time":52.65339471,"remaining_time":23.43532597},
{"learn":[1924.025609],"iteration":692,"passed_time":52.76782159,"remaining_time":23.37622111},
{"learn":[1922.983379],"iteration":693,"passed_time":52.83511721,"remaining_time":23.2961756},
{"learn":[1922.550611],"iteration":694,"passed_time":52.90087032,"remaining_time":23.21548985},
{"learn":[1922.317832],"iteration":695,"passed_time":52.96669135,"remaining_time":23.13487668},
{"learn":[1921.509241],"iteration":696,"passed_time":53.06517054,"remaining_time":23.06850312},
{"learn":[1920.621659],"iteration":697,"passed_time":53.15223355,"remaining_time":22.99709818},
{"learn":[1919.665982],"iteration":698,"passed_time":53.24989756,"remaining_time":22.9302134},
{"learn":[1919.30489],"iteration":699,"passed_time":53.30789857,"remaining_time":22.84624225},
{"learn":[1918.173432],"iteration":700,"passed_time":53.37858084,"remaining_time":22.76775417},
{"learn":[1916.891627],"iteration":701,"passed_time":53.45930149,"remaining_time":22.69354964},
{"learn":[1914.619105],"iteration":702,"passed_time":53.51891692,"remaining_time":22.61041013},
{"learn":[1913.062341],"iteration":703,"passed_time":53.6251144,"remaining_time":22.5469231},
{"learn":[1912.262608],"iteration":704,"passed_time":53.6901006,"remaining_time":22.46607046},
{"learn":[1909.844144],"iteration":705,"passed_time":53.78743653,"remaining_time":22.39873419},
{"learn":[1909.506288],"iteration":706,"passed_time":53.8573738,"remaining_time":22.31995831},
{"learn":[1908.445807],"iteration":707,"passed_time":53.9099366,"remaining_time":22.23404165},
{"learn":[1907.288593],"iteration":708,"passed_time":54.00253526,"remaining_time":22.16465128},
{"learn":[1905.460356],"iteration":709,"passed_time":54.08222224,"remaining_time":22.08992176},
{"learn":[1902.68624],"iteration":710,"passed_time":54.19325087,"remaining_time":22.02791772},
{"learn":[1901.800123],"iteration":711,"passed_time":54.28146769,"remaining_time":21.95654873},
{"learn":[1900.609018],"iteration":712,"passed_time":54.39690694,"remaining_time":21.89609017},
{"learn":[1900.156779],"iteration":713,"passed_time":54.45137881,"remaining_time":21.8110565},
{"learn":[1898.980654],"iteration":714,"passed_time":54.51015942,"remaining_time":21.72782578},
{"learn":[1897.503986],"iteration":715,"passed_time":54.59000118,"remaining_time":21.65301723},
{"learn":[1896.488013],"iteration":716,"passed_time":54.6671918,"remaining_time":21.57714823},
{"learn":[1895.515761],"iteration":717,"passed_time":54.72749844,"remaining_time":21.49464423},
{"learn":[1894.327663],"iteration":718,"passed_time":54.83328949,"remaining_time":21.42997823},
{"learn":[1892.889167],"iteration":719,"passed_time":54.91027359,"remaining_time":21.35399528},
{"learn":[1891.636262],"iteration":720,"passed_time":54.99892735,"remaining_time":21.28252528},
{"learn":[1890.18634],"iteration":721,"passed_time":55.09106688,"remaining_time":21.21234985},
{"learn":[1889.544618],"iteration":722,"passed_time":55.19196626,"remaining_time":21.14546978},
{"learn":[1888.27146],"iteration":723,"passed_time":55.30159607,"remaining_time":21.08182392},
{"learn":[1885.409414],"iteration":724,"passed_time":55.39244833,"remaining_time":21.01092868},
{"learn":[1882.54797],"iteration":725,"passed_time":55.44498764,"remaining_time":20.92551875},
{"learn":[1880.957304],"iteration":726,"passed_time":55.56042865,"remaining_time":20.86381984},
{"learn":[1880.471376],"iteration":727,"passed_time":55.62280445,"remaining_time":20.78214672},
{"learn":[1879.809192],"iteration":728,"passed_time":55.72287565,"remaining_time":20.71453951},
{"learn":[1878.327804],"iteration":729,"passed_time":55.79972843,"remaining_time":20.63825572},
{"learn":[1876.654993],"iteration":730,"passed_time":55.88094834,"remaining_time":20.56357743},
{"learn":[1874.990671],"iteration":731,"passed_time":55.94843129,"remaining_time":20.48385189},
{"learn":[1873.361246],"iteration":732,"passed_time":56.03516347,"remaining_time":20.41117141},
{"learn":[1872.220564],"iteration":733,"passed_time":56.10496363,"remaining_time":20.33231652},
{"learn":[1871.933209],"iteration":734,"passed_time":56.20055676,"remaining_time":20.26278577},
{"learn":[1870.707335],"iteration":735,"passed_time":56.28173364,"remaining_time":20.18801316},
{"learn":[1869.463631],"iteration":736,"passed_time":56.35500112,"remaining_time":20.11040067},
{"learn":[1868.705721],"iteration":737,"passed_time":56.42409785,"remaining_time":20.03131929},
{"learn":[1867.603019],"iteration":738,"passed_time":56.49412825,"remaining_time":19.95259469},
{"learn":[1866.262059],"iteration":739,"passed_time":56.57652188,"remaining_time":19.87823742},
{"learn":[1865.473928],"iteration":740,"passed_time":56.69441597,"remaining_time":19.81626685},
{"learn":[1864.99939],"iteration":741,"passed_time":56.76291031,"remaining_time":19.73696881},
{"learn":[1863.536123],"iteration":742,"passed_time":56.83656079,"remaining_time":19.65948334},
{"learn":[1862.285506],"iteration":743,"passed_time":56.92481852,"remaining_time":19.58703433},
{"learn":[1861.260796],"iteration":744,"passed_time":56.98143001,"remaining_time":19.50371094},
{"learn":[1859.938074],"iteration":745,"passed_time":57.07259524,"remaining_time":19.43222412},
{"learn":[1859.012569],"iteration":746,"passed_time":57.12801596,"remaining_time":19.34857836},
{"learn":[1858.565625],"iteration":747,"passed_time":57.20451515,"remaining_time":19.27210938},
{"learn":[1857.415484],"iteration":748,"passed_time":57.32101584,"remaining_time":19.20904536},
{"learn":[1856.007714],"iteration":749,"passed_time":57.38403727,"remaining_time":19.12801242},
{"learn":[1855.070664],"iteration":750,"passed_time":57.46303922,"remaining_time":19.05232592},
{"learn":[1853.962812],"iteration":751,"passed_time":57.53172223,"remaining_time":18.97322754},
{"learn":[1852.845324],"iteration":752,"passed_time":57.60188631,"remaining_time":18.89464265},
{"learn":[1851.828575],"iteration":753,"passed_time":57.74819311,"remaining_time":18.84092242},
{"learn":[1850.788535],"iteration":754,"passed_time":57.82572138,"remaining_time":18.76463806},
{"learn":[1850.099336],"iteration":755,"passed_time":57.8946717,"remaining_time":18.68558187},
{"learn":[1849.335358],"iteration":756,"passed_time":57.95806105,"remaining_time":18.60476728},
{"learn":[1849.310379],"iteration":757,"passed_time":58.01076336,"remaining_time":18.52058672},
{"learn":[1848.536529],"iteration":758,"passed_time":58.09332016,"remaining_time":18.44596859},
{"learn":[1847.746871],"iteration":759,"passed_time":58.19678102,"remaining_time":18.37793085},
{"learn":[1847.03247],"iteration":760,"passed_time":58.26968515,"remaining_time":18.30020335},
{"learn":[1845.679273],"iteration":761,"passed_time":58.34677051,"remaining_time":18.22379446},
{"learn":[1844.952646],"iteration":762,"passed_time":58.43313008,"remaining_time":18.15026452},
{"learn":[1843.887849],"iteration":763,"passed_time":58.50522699,"remaining_time":18.07229525},
{"learn":[1843.338955],"iteration":764,"passed_time":58.55906291,"remaining_time":17.98873174},
{"learn":[1842.413329],"iteration":765,"passed_time":58.6470016,"remaining_time":17.91566367},
{"learn":[1838.32712],"iteration":766,"passed_time":58.7279768,"remaining_time":17.84044145},
{"learn":[1836.969329],"iteration":767,"passed_time":58.8122717,"remaining_time":17.76620708},
{"learn":[1835.124546],"iteration":768,"passed_time":58.90552448,"remaining_time":17.69463739},
{"learn":[1833.664753],"iteration":769,"passed_time":58.96339067,"remaining_time":17.61244137},
{"learn":[1832.951062],"iteration":770,"passed_time":59.05017369,"remaining_time":17.53889725},
{"learn":[1832.11239],"iteration":771,"passed_time":59.13714194,"remaining_time":17.46537353},
{"learn":[1831.575227],"iteration":772,"passed_time":59.20699225,"remaining_time":17.38678815},
{"learn":[1830.94367],"iteration":773,"passed_time":59.26886435,"remaining_time":17.30589579},
{"learn":[1830.055191],"iteration":774,"passed_time":59.3521175,"remaining_time":17.23125992},
{"learn":[1829.169676],"iteration":775,"passed_time":59.40759665,"remaining_time":17.1485846},
{"learn":[1828.178189],"iteration":776,"passed_time":59.46096552,"remaining_time":17.06537363},
{"learn":[1827.690318],"iteration":777,"passed_time":59.56465176,"remaining_time":16.99659729},
{"learn":[1826.878827],"iteration":778,"passed_time":59.63594772,"remaining_time":16.91854229},
{"learn":[1824.497898],"iteration":779,"passed_time":59.71913712,"remaining_time":16.84385919},
{"learn":[1823.046133],"iteration":780,"passed_time":59.78175737,"remaining_time":16.76338651},
{"learn":[1821.84167],"iteration":781,"passed_time":59.86706394,"remaining_time":16.68928381},
{"learn":[1820.731424],"iteration":782,"passed_time":59.94927112,"remaining_time":16.61429353},
{"learn":[1819.998799],"iteration":783,"passed_time":60.01955411,"remaining_time":16.5359996},
{"learn":[1819.421445],"iteration":784,"passed_time":60.10998417,"remaining_time":16.46324407},
{"learn":[1819.05414],"iteration":785,"passed_time":60.17031243,"remaining_time":16.38224791},
{"learn":[1817.815623],"iteration":786,"passed_time":60.26395792,"remaining_time":16.31032152},
{"learn":[1817.034894],"iteration":787,"passed_time":60.33046283,"remaining_time":16.23103822},
{"learn":[1815.908617],"iteration":788,"passed_time":60.39018008,"remaining_time":16.14997211},
{"learn":[1814.982964],"iteration":789,"passed_time":60.47479536,"remaining_time":16.07557851},
{"learn":[1814.019882],"iteration":790,"passed_time":60.53914895,"remaining_time":15.99580547},
{"learn":[1813.100709],"iteration":791,"passed_time":60.60300611,"remaining_time":15.915941},
{"learn":[1812.387358],"iteration":792,"passed_time":60.77136263,"remaining_time":15.86339478},
{"learn":[1811.489482],"iteration":793,"passed_time":61.00766398,"remaining_time":15.82818486},
{"learn":[1810.628327],"iteration":794,"passed_time":61.14601912,"remaining_time":15.76721248},
{"learn":[1809.409783],"iteration":795,"passed_time":61.24425777,"remaining_time":15.69576456},
{"learn":[1808.203552],"iteration":796,"passed_time":61.32919472,"remaining_time":15.62086139},
{"learn":[1807.385282],"iteration":797,"passed_time":61.40364705,"remaining_time":15.54327908},
{"learn":[1806.490343],"iteration":798,"passed_time":61.51860982,"remaining_time":15.47589559},
{"learn":[1805.797327],"iteration":799,"passed_time":61.60756711,"remaining_time":15.40189178},
{"learn":[1805.186741],"iteration":800,"passed_time":61.69599371,"remaining_time":15.32771879},
{"learn":[1803.986459],"iteration":801,"passed_time":61.87726561,"remaining_time":15.27643216},
{"learn":[1803.068429],"iteration":802,"passed_time":62.12390621,"remaining_time":15.24085868},
{"learn":[1802.37869],"iteration":803,"passed_time":62.25676596,"remaining_time":15.17702255},
{"learn":[1801.533015],"iteration":804,"passed_time":62.44479089,"remaining_time":15.12637792},
{"learn":[1798.964983],"iteration":805,"passed_time":62.54945169,"remaining_time":15.05532708},
{"learn":[1797.863526],"iteration":806,"passed_time":62.68778609,"remaining_time":14.99224624},
{"learn":[1796.86512],"iteration":807,"passed_time":62.83495414,"remaining_time":14.93107821},
{"learn":[1795.893967],"iteration":808,"passed_time":62.9766527,"remaining_time":14.86840626},
{"learn":[1794.519456],"iteration":809,"passed_time":63.06779601,"remaining_time":14.79368054},
{"learn":[1793.472605],"iteration":810,"passed_time":63.15784497,"remaining_time":14.71865931},
{"learn":[1792.495582],"iteration":811,"passed_time":63.2445158,"remaining_time":14.64281893},
{"learn":[1791.52644],"iteration":812,"passed_time":63.36544411,"remaining_time":14.57483155},
{"learn":[1790.06499],"iteration":813,"passed_time":63.48196235,"remaining_time":14.50570638},
{"learn":[1788.703146],"iteration":814,"passed_time":63.58154763,"remaining_time":14.43262124},
{"learn":[1788.002499],"iteration":815,"passed_time":63.69277434,"remaining_time":14.36209617},
{"learn":[1787.152178],"iteration":816,"passed_time":63.79566,"remaining_time":14.28960316},
{"learn":[1786.117312],"iteration":817,"passed_time":63.93873786,"remaining_time":14.22597835},
{"learn":[1785.090899],"iteration":818,"passed_time":64.03456378,"remaining_time":14.15171678},
{"learn":[1784.128703],"iteration":819,"passed_time":64.14890478,"remaining_time":14.0814669},
{"learn":[1782.797754],"iteration":820,"passed_time":64.26675377,"remaining_time":14.01187445},
{"learn":[1781.17621],"iteration":821,"passed_time":64.33571344,"remaining_time":13.93157785},
{"learn":[1780.49226],"iteration":822,"passed_time":64.42349144,"remaining_time":13.855356},
{"learn":[1780.049976],"iteration":823,"passed_time":64.5278045,"remaining_time":13.78263785},
{"learn":[1779.137617],"iteration":824,"passed_time":64.6254398,"remaining_time":13.70842662},
{"learn":[1777.407924],"iteration":825,"passed_time":64.71201835,"remaining_time":13.63182953},
{"learn":[1776.653869],"iteration":826,"passed_time":64.77774892,"remaining_time":13.55084711},
{"learn":[1775.573532],"iteration":827,"passed_time":64.87789171,"remaining_time":13.47704997},
{"learn":[1774.657507],"iteration":828,"passed_time":65.02715301,"remaining_time":13.41332107},
{"learn":[1774.045815],"iteration":829,"passed_time":65.09124741,"remaining_time":13.33194224},
{"learn":[1773.158887],"iteration":830,"passed_time":65.17489916,"remaining_time":13.25458238},
{"learn":[1772.122343],"iteration":831,"passed_time":65.25264988,"remaining_time":13.17601584},
{"learn":[1771.25009],"iteration":832,"passed_time":65.33952361,"remaining_time":13.09928024},
{"learn":[1770.562776],"iteration":833,"passed_time":65.3984574,"remaining_time":13.01695915},
{"learn":[1769.721951],"iteration":834,"passed_time":65.46857909,"remaining_time":12.93690485},
{"learn":[1768.221971],"iteration":835,"passed_time":65.56391792,"remaining_time":12.86182122},
{"learn":[1767.03494],"iteration":836,"passed_time":65.66971992,"remaining_time":12.78872682},
{"learn":[1766.3746],"iteration":837,"passed_time":65.77015865,"remaining_time":12.71451754},
{"learn":[1765.838356],"iteration":838,"passed_time":65.8581286,"remaining_time":12.63785305},
{"learn":[1765.037405],"iteration":839,"passed_time":65.91495047,"remaining_time":12.55522866},
{"learn":[1764.048031],"iteration":840,"passed_time":66.05163673,"remaining_time":12.48776485},
{"learn":[1763.361336],"iteration":841,"passed_time":66.10619187,"remaining_time":12.40472484},
{"learn":[1762.371586],"iteration":842,"passed_time":66.19149792,"remaining_time":12.32747945},
{"learn":[1761.735455],"iteration":843,"passed_time":66.29741978,"remaining_time":12.25402546},
{"learn":[1760.906934],"iteration":844,"passed_time":66.34881569,"remaining_time":12.17049282},
{"learn":[1760.368586],"iteration":845,"passed_time":66.44510549,"remaining_time":12.09520833},
{"learn":[1759.950619],"iteration":846,"passed_time":66.51159064,"remaining_time":12.0144904},
{"learn":[1759.220079],"iteration":847,"passed_time":66.64804045,"remaining_time":11.94634687},
{"learn":[1758.623346],"iteration":848,"passed_time":66.75216563,"remaining_time":11.8722933},
{"learn":[1757.933319],"iteration":849,"passed_time":66.82412615,"remaining_time":11.79249285},
{"learn":[1757.247209],"iteration":850,"passed_time":66.897365,"remaining_time":11.71293465},
{"learn":[1756.300297],"iteration":851,"passed_time":66.95807899,"remaining_time":11.6312156},
{"learn":[1755.181131],"iteration":852,"passed_time":67.12182813,"remaining_time":11.56730215},
{"learn":[1754.721965],"iteration":853,"passed_time":67.25770791,"remaining_time":11.49839034},
{"learn":[1753.191984],"iteration":854,"passed_time":67.32425492,"remaining_time":11.4175637},
{"learn":[1752.489566],"iteration":855,"passed_time":67.40932042,"remaining_time":11.33988568},
{"learn":[1751.250286],"iteration":856,"passed_time":67.52787939,"remaining_time":11.26777917},
{"learn":[1750.653449],"iteration":857,"passed_time":67.59979042,"remaining_time":11.1878441},
{"learn":[1749.749566],"iteration":858,"passed_time":67.69267827,"remaining_time":11.11137094},
{"learn":[1749.279551],"iteration":859,"passed_time":67.77448349,"remaining_time":11.03305545},
{"learn":[1748.479044],"iteration":860,"passed_time":67.84848467,"remaining_time":10.95347197},
{"learn":[1748.007374],"iteration":861,"passed_time":67.92030654,"remaining_time":10.87355256},
{"learn":[1746.859636],"iteration":862,"passed_time":68.01178094,"remaining_time":10.79677171},
{"learn":[1746.006728],"iteration":863,"passed_time":68.08328357,"remaining_time":10.71681315},
{"learn":[1745.199299],"iteration":864,"passed_time":68.20099234,"remaining_time":10.64408551},
{"learn":[1744.776221],"iteration":865,"passed_time":68.26482257,"remaining_time":10.56291712},
{"learn":[1744.029331],"iteration":866,"passed_time":68.33730574,"remaining_time":10.48311611},
{"learn":[1743.273532],"iteration":867,"passed_time":68.42773246,"remaining_time":10.4060607},
{"learn":[1742.53185],"iteration":868,"passed_time":68.55275339,"remaining_time":10.33418952},
{"learn":[1741.767774],"iteration":869,"passed_time":68.67874172,"remaining_time":10.26234072},
{"learn":[1740.816056],"iteration":870,"passed_time":68.77329753,"remaining_time":10.18571226},
{"learn":[1738.720966],"iteration":871,"passed_time":68.84729752,"remaining_time":10.10602532},
{"learn":[1738.348112],"iteration":872,"passed_time":68.98540858,"remaining_time":10.03567799},
{"learn":[1737.678139],"iteration":873,"passed_time":69.0642151,"remaining_time":9.956625975},
{"learn":[1735.44404],"iteration":874,"passed_time":69.16752921,"remaining_time":9.881075601},
{"learn":[1734.494892],"iteration":875,"passed_time":69.22720227,"remaining_time":9.799284339},
{"learn":[1733.301404],"iteration":876,"passed_time":69.32033485,"remaining_time":9.722236245},
{"learn":[1732.644258],"iteration":877,"passed_time":69.41987781,"remaining_time":9.646042247},
{"learn":[1732.059375],"iteration":878,"passed_time":69.48462957,"remaining_time":9.565005891},
{"learn":[1731.603865],"iteration":879,"passed_time":69.55997185,"remaining_time":9.485450707},
{"learn":[1730.941108],"iteration":880,"passed_time":69.62256765,"remaining_time":9.404183371},
{"learn":[1729.5348],"iteration":881,"passed_time":69.68068384,"remaining_time":9.322359063},
{"learn":[1728.964178],"iteration":882,"passed_time":69.78953166,"remaining_time":9.247310538},
{"learn":[1728.399394],"iteration":883,"passed_time":69.86845716,"remaining_time":9.168259085},
{"learn":[1727.652345],"iteration":884,"passed_time":69.9447114,"remaining_time":9.088860804},
{"learn":[1727.304585],"iteration":885,"passed_time":70.01550679,"remaining_time":9.008767239},
{"learn":[1725.956601],"iteration":886,"passed_time":70.08510477,"remaining_time":8.928542096},
{"learn":[1724.513647],"iteration":887,"passed_time":70.18518596,"remaining_time":8.852185617},
{"learn":[1723.78652],"iteration":888,"passed_time":70.24182782,"remaining_time":8.770351955},
{"learn":[1723.206289],"iteration":889,"passed_time":70.30346949,"remaining_time":8.689192858},
{"learn":[1722.648128],"iteration":890,"passed_time":70.41978432,"remaining_time":8.614765983},
{"learn":[1722.03333],"iteration":891,"passed_time":70.47736497,"remaining_time":8.533133875},
{"learn":[1721.21845],"iteration":892,"passed_time":70.58943972,"remaining_time":8.458085162},
{"learn":[1720.226974],"iteration":893,"passed_time":70.6493437,"remaining_time":8.376767822},
{"learn":[1719.335365],"iteration":894,"passed_time":70.74207117,"remaining_time":8.299349131},
{"learn":[1718.894663],"iteration":895,"passed_time":70.81728017,"remaining_time":8.219862877},
{"learn":[1717.584723],"iteration":896,"passed_time":70.890316,"remaining_time":8.14013662},
{"learn":[1716.846674],"iteration":897,"passed_time":70.97999551,"remaining_time":8.062315748},
{"learn":[1716.063166],"iteration":898,"passed_time":71.04636351,"remaining_time":7.981849515},
{"learn":[1715.515804],"iteration":899,"passed_time":71.11286302,"remaining_time":7.901429224},
{"learn":[1714.994599],"iteration":900,"passed_time":71.18778324,"remaining_time":7.821965084},
{"learn":[1714.053841],"iteration":901,"passed_time":71.2508804,"remaining_time":7.741226474},
{"learn":[1712.818639],"iteration":902,"passed_time":71.37417234,"remaining_time":7.666993042},
{"learn":[1712.180633],"iteration":903,"passed_time":71.44569756,"remaining_time":7.587153723},
{"learn":[1711.444808],"iteration":904,"passed_time":71.50980114,"remaining_time":7.50655371},
{"learn":[1711.211881],"iteration":905,"passed_time":71.63397542,"remaining_time":7.432222616},
{"learn":[1710.657527],"iteration":906,"passed_time":71.73300246,"remaining_time":7.355203118},
{"learn":[1709.580594],"iteration":907,"passed_time":71.81832035,"remaining_time":7.276746115},
{"learn":[1708.986402],"iteration":908,"passed_time":71.87007333,"remaining_time":7.194913832},
{"learn":[1707.529927],"iteration":909,"passed_time":71.96843109,"remaining_time":7.117756921},
{"learn":[1706.898889],"iteration":910,"passed_time":72.04481026,"remaining_time":7.038406271},
{"learn":[1706.024291],"iteration":911,"passed_time":72.29789471,"remaining_time":6.976112647},
{"learn":[1705.446154],"iteration":912,"passed_time":72.42541665,"remaining_time":6.901436198},
{"learn":[1704.08184],"iteration":913,"passed_time":72.57377101,"remaining_time":6.828604274},
{"learn":[1703.178184],"iteration":914,"passed_time":72.70744778,"remaining_time":6.754243783},
{"learn":[1702.381796],"iteration":915,"passed_time":72.84383418,"remaining_time":6.680002261},
{"learn":[1700.441697],"iteration":916,"passed_time":72.94786604,"remaining_time":6.602696709},
{"learn":[1699.954367],"iteration":917,"passed_time":73.05989818,"remaining_time":6.52604755},
{"learn":[1699.350904],"iteration":918,"passed_time":73.24717427,"remaining_time":6.455953336},
{"learn":[1698.761108],"iteration":919,"passed_time":73.34379935,"remaining_time":6.377721683},
{"learn":[1697.268106],"iteration":920,"passed_time":73.42592037,"remaining_time":6.298205982},
{"learn":[1696.948598],"iteration":921,"passed_time":73.52063008,"remaining_time":6.219749616},
{"learn":[1696.140194],"iteration":922,"passed_time":73.59141084,"remaining_time":6.139261793},
{"learn":[1695.654546],"iteration":923,"passed_time":73.75561543,"remaining_time":6.066479191},
{"learn":[1695.166063],"iteration":924,"passed_time":73.80790225,"remaining_time":5.984424506},
{"learn":[1694.073372],"iteration":925,"passed_time":73.98813889,"remaining_time":5.912659047},
{"learn":[1693.097011],"iteration":926,"passed_time":74.08823623,"remaining_time":5.8343487},
{"learn":[1692.54427],"iteration":927,"passed_time":74.16834069,"remaining_time":5.754440226},
{"learn":[1692.483402],"iteration":928,"passed_time":74.24570919,"remaining_time":5.674322231},
{"learn":[1691.179997],"iteration":929,"passed_time":74.32705314,"remaining_time":5.594509376},
{"learn":[1690.703059],"iteration":930,"passed_time":74.41224176,"remaining_time":5.514978176},
{"learn":[1690.164697],"iteration":931,"passed_time":74.52987107,"remaining_time":5.437801752},
{"learn":[1688.89587],"iteration":932,"passed_time":74.59696885,"remaining_time":5.356909875},
{"learn":[1687.835706],"iteration":933,"passed_time":74.6747385,"remaining_time":5.27680165},
{"learn":[1686.644919],"iteration":934,"passed_time":74.74716932,"remaining_time":5.196327279},
{"learn":[1685.977036],"iteration":935,"passed_time":74.81673337,"remaining_time":5.115674076},
{"learn":[1685.410069],"iteration":936,"passed_time":74.91524257,"remaining_time":5.036990696},
{"learn":[1684.10496],"iteration":937,"passed_time":75.02787539,"remaining_time":4.959198587},
{"learn":[1683.297379],"iteration":938,"passed_time":75.20317422,"remaining_time":4.885403224},
{"learn":[1682.168997],"iteration":939,"passed_time":75.33605409,"remaining_time":4.808684304},
{"learn":[1681.397193],"iteration":940,"passed_time":75.47152187,"remaining_time":4.732008279},
{"learn":[1680.938032],"iteration":941,"passed_time":75.67892584,"remaining_time":4.659636623},
{"learn":[1679.887708],"iteration":942,"passed_time":75.78782042,"remaining_time":4.58102414},
{"learn":[1679.120325],"iteration":943,"passed_time":75.90464068,"remaining_time":4.502817668},
{"learn":[1678.750278],"iteration":944,"passed_time":76.00539612,"remaining_time":4.423594483},
{"learn":[1678.329157],"iteration":945,"passed_time":76.07630616,"remaining_time":4.342622128},
{"learn":[1677.670727],"iteration":946,"passed_time":76.1719274,"remaining_time":4.263054015},
{"learn":[1677.10134],"iteration":947,"passed_time":76.24310593,"remaining_time":4.182111296},
{"learn":[1676.42967],"iteration":948,"passed_time":76.36012624,"remaining_time":4.103652727},
{"learn":[1676.075461],"iteration":949,"passed_time":76.47084331,"remaining_time":4.024781227},
{"learn":[1675.036194],"iteration":950,"passed_time":76.53253669,"remaining_time":3.943316822},
{"learn":[1673.982599],"iteration":951,"passed_time":76.62259668,"remaining_time":3.863324202},
{"learn":[1672.910919],"iteration":952,"passed_time":76.77563517,"remaining_time":3.786416425},
{"learn":[1672.082503],"iteration":953,"passed_time":76.86590283,"remaining_time":3.706322359},
{"learn":[1670.669696],"iteration":954,"passed_time":76.96663726,"remaining_time":3.626700185},
{"learn":[1669.96865],"iteration":955,"passed_time":77.05902579,"remaining_time":3.546649723},
{"learn":[1669.153412],"iteration":956,"passed_time":77.13275476,"remaining_time":3.465735062},
{"learn":[1668.43369],"iteration":957,"passed_time":77.24657521,"remaining_time":3.386593068},
{"learn":[1667.831478],"iteration":958,"passed_time":77.32078071,"remaining_time":3.305685098},
{"learn":[1666.739956],"iteration":959,"passed_time":77.43994198,"remaining_time":3.226664249},
{"learn":[1665.740668],"iteration":960,"passed_time":77.50626948,"remaining_time":3.145415723},
{"learn":[1665.150341],"iteration":961,"passed_time":77.61036979,"remaining_time":3.065690283},
{"learn":[1664.826274],"iteration":962,"passed_time":77.6910247,"remaining_time":2.98501341},
{"learn":[1664.208303],"iteration":963,"passed_time":77.74657963,"remaining_time":2.903399239},
{"learn":[1663.217813],"iteration":964,"passed_time":77.83753936,"remaining_time":2.823123189},
{"learn":[1662.469665],"iteration":965,"passed_time":77.97852277,"remaining_time":2.744585687},
{"learn":[1661.5493],"iteration":966,"passed_time":78.06285676,"remaining_time":2.663985805},
{"learn":[1660.468039],"iteration":967,"passed_time":78.14567347,"remaining_time":2.583328049},
{"learn":[1659.877307],"iteration":968,"passed_time":78.22686855,"remaining_time":2.502613958},
{"learn":[1659.073098],"iteration":969,"passed_time":78.33317052,"remaining_time":2.422675377},
{"learn":[1658.071349],"iteration":970,"passed_time":78.41643068,"remaining_time":2.341994325},
{"learn":[1657.318249],"iteration":971,"passed_time":78.47664932,"remaining_time":2.260644219},
{"learn":[1656.53841],"iteration":972,"passed_time":78.57571532,"remaining_time":2.180415533},
{"learn":[1655.859768],"iteration":973,"passed_time":78.65226787,"remaining_time":2.099547192},
{"learn":[1655.365353],"iteration":974,"passed_time":78.71199327,"remaining_time":2.018256238},
{"learn":[1654.633745],"iteration":975,"passed_time":78.82458067,"remaining_time":1.938309361},
{"learn":[1653.92194],"iteration":976,"passed_time":78.90359615,"remaining_time":1.857505334},
{"learn":[1652.890576],"iteration":977,"passed_time":78.99005734,"remaining_time":1.776872456},
{"learn":[1651.94562],"iteration":978,"passed_time":79.07238124,"remaining_time":1.696138923},
{"learn":[1651.042328],"iteration":979,"passed_time":79.13812517,"remaining_time":1.615063779},
{"learn":[1649.007185],"iteration":980,"passed_time":79.19436043,"remaining_time":1.533835727},
{"learn":[1648.169556],"iteration":981,"passed_time":79.28666209,"remaining_time":1.453319672},
{"learn":[1647.659944],"iteration":982,"passed_time":79.3651258,"remaining_time":1.372540324},
{"learn":[1646.710444],"iteration":983,"passed_time":79.41768199,"remaining_time":1.291344423},
{"learn":[1646.190461],"iteration":984,"passed_time":79.51898399,"remaining_time":1.210948995},
{"learn":[1645.688507],"iteration":985,"passed_time":79.59105454,"remaining_time":1.130096109},
{"learn":[1644.815833],"iteration":986,"passed_time":79.66705379,"remaining_time":1.049312765},
{"learn":[1643.84398],"iteration":987,"passed_time":79.75377997,"remaining_time":0.9686693923},
{"learn":[1642.826026],"iteration":988,"passed_time":79.80986428,"remaining_time":0.8876729091},
{"learn":[1641.969185],"iteration":989,"passed_time":79.87384906,"remaining_time":0.8068065561},
{"learn":[1641.110375],"iteration":990,"passed_time":79.94333241,"remaining_time":0.7260242096},
{"learn":[1640.37769],"iteration":991,"passed_time":80.00803264,"remaining_time":0.6452260697},
{"learn":[1639.581717],"iteration":992,"passed_time":80.08236965,"remaining_time":0.5645282855},
{"learn":[1639.178225],"iteration":993,"passed_time":80.14587578,"remaining_time":0.4837779222},
{"learn":[1637.957964],"iteration":994,"passed_time":80.21144271,"remaining_time":0.4030725764},
{"learn":[1637.42774],"iteration":995,"passed_time":80.3048599,"remaining_time":0.3225094775},
{"learn":[1636.291492],"iteration":996,"passed_time":80.37784948,"remaining_time":0.2418591258},
{"learn":[1635.879774],"iteration":997,"passed_time":80.45946395,"remaining_time":0.1612414107},
{"learn":[1634.765754],"iteration":998,"passed_time":80.55310871,"remaining_time":0.08063374245},
{"learn":[1633.710513],"iteration":999,"passed_time":80.62227372,"remaining_time":0}
]}